,country,Region,Surface area (km2),Population in thousands (2017),"Population density (per km2, 2017)",GDP: Gross domestic product (million current US$),"GDP growth rate (annual %, const. 2005 prices)",GDP per capita (current US$),Economy: Agriculture (% of GVA),Economy: Industry (% of GVA),Economy: Services and other activity (% of GVA),Employment: Agriculture (% of employed),Employment: Industry (% of employed),Employment: Services (% of employed),Unemployment (% of labour force),Agricultural production index (2004-2006=100),Food production index (2004-2006=100),International trade: Exports (million US$),International trade: Imports (million US$),Population growth rate (average annual %),Urban population (% of total population),Urban population growth rate (average annual %),"Population age distribution (0-14 / 60+ years, %)",Health: Total expenditure (% of GDP),Health: Physicians (per 1000 pop.),Education: Government expenditure (% of GDP),"Pop. using improved drinking water (urban/rural, %)","Pop. using improved sanitation facilities (urban/rural, %)",Life expectancy at birth (Female),Life expectancy at birth (Male),Education: Primary gross enrol. ratio (Female),Education: Primary gross enrol. ratio (Male),Education: Secondary gross enrol. ratio (Female),Education: Secondary gross enrol. ratio (Male),Education: Tertiary gross enrol. ratio (Female),Education: Tertiary gross enrol. ratio (Male),SouthernAsia,SouthernEurope,NorthernAfrica,Polynesia,MiddleAfrica,Caribbean,SouthAmerica,WesternAsia,Oceania,WesternEurope,EasternEurope,CentralAmerica,WesternAfrica,NorthernAmerica,SouthernAfrica,South-easternAsia,EasternAfrica,NorthernEurope,EasternAsia,Micronesia,CentralAsia,Melanesia
0,Afghanistan,SouthernAsia,652864,35530,54.4,20270,-2.4,623.2,23.3,23.3,53.3,61.6,10,28.5,8.6,125,125,1458,3568,3.2,26.7,4,43.2/4.1,8.2,0.3,3.3,45.1/27.0,21.43,63.5,61.0,91.1,131.6,39.7,70.7,3.7,13.3,1,0,0,0,0,0,0,0,0,0,0,0,0,0,0,0,0,0,0,0,0,0
1,Albania,SouthernEurope,28748,2930,106.9,11541,2.6,3984.2,22.4,26.0,51.7,41.4,18.3,40.3,15.8,134,134,1962,4669,-0.1,57.4,2.2,17.4/19.0,5.9,1.3,3.5,95.5/90.2,2.96,79.9,75.6,111.7,115.5,92.5,98.8,68.1,48.7,0,1,0,0,0,0,0,0,0,0,0,0,0,0,0,0,0,0,0,0,0,0
2,Algeria,NorthernAfrica,2381741,41318,17.3,164779,3.8,4154.1,12.2,37.3,50.5,10.8,34.5,54.7,11.4,160,161,29992,47091,2,70.7,2.8,29.3/9.4,7.2,...,...,89.8/82.2,0.05,76.5,74.1,112.7,119.5,101.7,98.1,45.1,28.9,0,0,1,0,0,0,0,0,0,0,0,0,0,0,0,0,0,0,0,0,0,0
3,American Samoa,Polynesia,199,56,278.2,-99,-99,-99.0,-99,-99.0,-99.0,...,...,...,...,112,112,-99,-99,-~0.0,87.2,-0.1,33.3/9.0,-99.0,-99,-99,62.5/62.5,-99,77.8,71.1,-99,,-99,,-99,,0,0,0,1,0,0,0,0,0,0,0,0,0,0,0,0,0,0,0,0,0,0
4,Andorra,SouthernEurope,468,77,163.8,2812,0.8,39896.4,0.5,10.8,88.6,-99,-99,-99,-99,-99,-99,100,1355,-1.6,85.1,0.1,14.4/19.0,8.1,3.7,3.3,100.0/100.0,-99,-99,,-99,,-99,,-99,,0,1,0,0,0,0,0,0,0,0,0,0,0,0,0,0,0,0,0,0,0,0
5,Angola,MiddleAfrica,1246700,29784,23.9,117955,3,4714.1,6.8,51.2,42.0,4.2,37.6,58.2,6.6,175,176,21011,8790,3.5,44.1,5,46.8/4.0,3.3,...,...,88.6/22.5,0.42,63.0,57.4,100.4,156.9,22.7,35.1,8.2,10.4,0,0,0,0,1,0,0,0,0,0,0,0,0,0,0,0,0,0,0,0,0,0
6,Anguilla,Caribbean,91,15,165.7,320,2.9,21879.6,2.3,15.7,82.0,...,...,...,...,-99,-99,2,154,1.2,100.0,1.2,23.3/7.6,-99.0,-99,...,97.9/...,-99,...,...,-99,,-99,,-99,,0,0,0,0,0,1,0,0,0,0,0,0,0,0,0,0,0,0,0,0,0,0
7,Antigua and Barbuda,Caribbean,442,102,231.8,1356,4.1,14764.5,1.9,18.3,79.8,...,...,...,...,88,88,61,491,1.1,23.8,-0.9,23.9/10.9,5.5,-99,...,91.4/91.4,0.12,78.2,73.3,94.1,100.0,103.8,101.6,31.1,15.1,0,0,0,0,0,1,0,0,0,0,0,0,0,0,0,0,0,0,0,0,0,0
8,Argentina,SouthAmerica,2780400,44271,16.2,632343,2.4,14564.5,6,27.8,66.2,2,24.8,73.1,6.5,119,119,57733,55610,1,91.8,1,24.9/15.4,4.8,3.8,5.3,96.2/98.3,0.01,79.8,72.2,109.8,110.2,110.3,103.4,102.9,63.5,0,0,0,0,0,0,1,0,0,0,0,0,0,0,0,0,0,0,0,0,0,0
9,Armenia,WesternAsia,29743,2930,102.9,10529,3,3489.1,19,28.3,52.8,35,15.7,49.3,16.6,135,135,1776,3230,0.3,62.7,-0.1,20.0/16.9,4.5,2.8,2.8,96.2/78.2,3.17,77.0,70.6,98.5,98.5,89.0,88.1,46.9,41.6,0,0,0,0,0,0,0,1,0,0,0,0,0,0,0,0,0,0,0,0,0,0
10,Aruba,Caribbean,180,105,584.8,2702,0.1,26005.4,0.5,15.4,84.1,0.6,14,85.1,...,-99,-99,95,1117,0.5,41.5,-0.3,17.9/19.7,-99.0,-99,6.2,97.7/97.7,-99,77.8,72.9,115.4,119.1,112.1,110.3,21.4,9.4,0,0,0,0,0,1,0,0,0,0,0,0,0,0,0,0,0,0,0,0,0,0
11,Australia,Oceania,7692060,24451,3.2,1230859,2.4,51352.2,2.5,26.5,71.1,2.7,21.2,76.1,5.5,111,111,189630,189406,1.5,89.4,1.5,19.0/21.0,9.4,3.4,5.2,100.0/100.0,-99,84.4,80.2,102.1,102.3,133.6,141.3,106.3,75.4,0,0,0,0,0,0,0,0,1,0,0,0,0,0,0,0,0,0,0,0,0,0
12,Austria,WesternEurope,83871,8736,106.0,376967,1,44117.7,1.3,28.3,70.4,4.7,25.6,69.7,6.2,108,108,145503,149299,0.6,66.0,0.4,14.1/25.1,11.2,5.2,5.5,100.0/100.0,-99,83.5,78.4,102.2,103.7,97.6,102.4,89.2,74.3,0,0,0,0,0,0,0,0,0,1,0,0,0,0,0,0,0,0,0,0,0,0
13,Azerbaijan,WesternAsia,86600,9828,118.9,53049,0.7,5438.7,6.7,49.9,43.4,36.7,14.2,49.1,5.2,131,136,9143,8532,1.3,54.6,1.6,23.3/10.1,6.0,3.4,2.6,91.6/86.6,0.14,74.6,68.6,105.6,107.4,-99,,27.5,23.6,0,0,0,0,0,0,0,1,0,0,0,0,0,0,0,0,0,0,0,0,0,0
14,Bahamas,Caribbean,13940,395,39.5,8854,-1.7,22817.2,1.6,12.7,85.7,3.9,14.2,81.9,14.7,132,132,365,2904,1.4,82.9,1.5,20.5/13.5,7.7,...,...,92.0/92.0,-99,78.1,72.0,...,...,...,...,-99,,0,0,0,0,0,1,0,0,0,0,0,0,0,0,0,0,0,0,0,0,0,0
15,Bahrain,WesternAsia,771,1493,1963.9,31126,2.9,22600.2,0.3,40.7,59.0,1,33.4,65.6,1.3,167,167,12892,14749,2,88.8,1.7,19.7/4.6,5.0,0.9,2.7,99.2/99.2,-99,77.5,75.6,101.8,100.6,101.9,102.4,59.4,30.9,0,0,0,0,0,0,0,1,0,0,0,0,0,0,0,0,0,0,0,0,0,0
16,Bangladesh,SouthernAsia,147570,164670,1265.0,194466,6.6,1207.9,15.5,28.1,56.3,40.6,19.1,40.3,4,141,140,36031,52624,1.2,34.3,3.6,28.4/7.3,2.8,0.4,1.9,57.7/62.1,1.24,72.9,69.8,125.1,116.0,67.4,59.8,11.4,15.4,1,0,0,0,0,0,0,0,0,0,0,0,0,0,0,0,0,0,0,0,0,0
17,Barbados,Caribbean,431,286,664.5,4385,0.9,15429.4,1.7,12.1,86.2,2.8,19.3,77.9,11.3,88,88,517,1621,0.3,31.5,0.1,19.1/21.0,7.5,...,6.6,96.2/96.2,...,77.7,72.9,94.2,93.1,110.7,107.9,90.6,40.3,0,0,0,0,0,1,0,0,0,0,0,0,0,0,0,0,0,0,0,0,0,0
18,Belarus,EasternEurope,207600,9468,46.7,54609,-3.9,5750.8,7.5,38.9,53.6,9.6,32,58.4,0.5,122,122,23414,27464,~0.0,76.7,~0.0,16.7/21.3,5.7,4.1,4.9,94.1/95.2,0.2,77.7,66.5,101.3,101.4,106.4,107.8,100.7,75.9,0,0,0,0,0,0,0,0,0,0,1,0,0,0,0,0,0,0,0,0,0,0
19,Belgium,WesternEurope,30528,11429,377.5,455107,1.5,40277.8,0.7,22.2,77.1,1.2,21.2,77.6,8.3,108,107,398033,372713,0.6,97.9,0.5,17.1/24.6,10.6,3,6.6,99.5/99.4,-99,83.0,78.0,104.2,104.2,177.7,156.4,85.4,65.0,0,0,0,0,0,0,0,0,0,1,0,0,0,0,0,0,0,0,0,0,0,0
20,Belize,CentralAmerica,22966,375,16.4,1721,1.2,4789.4,14.6,18.5,66.9,16.1,15.9,67.9,11.5,97,97,246,952,2.2,44.0,1.9,31.4/6.2,5.8,...,6.4,93.5/88.2,1.68,72.7,67.2,110.4,115.8,81.8,79.8,28.7,17.9,0,0,0,0,0,0,0,0,0,0,0,1,0,0,0,0,0,0,0,0,0,0
21,Benin,WesternAfrica,114763,11176,99.1,8476,5.2,779.1,23.2,24.9,51.9,43.2,10.2,46.6,1,152,158,410,2630,2.8,44.0,3.7,42.7/5.0,4.6,0.1,4.4,35.6/7.3,5.09,61.4,58.5,123.7,134.2,46.8,66.7,8.4,22.4,0,0,0,0,0,0,0,0,0,0,0,0,1,0,0,0,0,0,0,0,0,0
22,Bermuda,NorthernAmerica,53,61,1227.0,5853,0.4,94399.9,0.7,5.3,94.0,1.6,10.3,87.6,6.7,115,115,8,971,-0.6,100.0,0.2,14.8/24.9,-99.0,-99,1.7,-99,-99,85.1,77.5,89.4,91.3,75.5,67.7,34.1,14.7,0,0,0,0,0,0,0,0,0,0,0,0,0,1,0,0,0,0,0,0,0,0
23,Bhutan,SouthernAsia,38394,808,21.2,2074,5.2,2677.1,17.2,43.9,38.8,56.6,9.7,33.7,2.4,98,98,616,1688,1.6,38.6,3.7,26.5/7.3,3.6,0.3,7.4,77.9/33.1,5.26,68.9,68.6,96.9,96.6,87.1,81.4,9.2,12.6,1,0,0,0,0,0,0,0,0,0,0,0,0,0,0,0,0,0,0,0,0,0
24,Bolivia (Plurinational State of),SouthAmerica,1098581,11052,10.2,32998,4.8,3076.8,12.6,31.0,56.5,29.5,21.1,49.4,3.8,142,143,6969,8374,1.6,68.5,2.3,31.6/9.5,6.3,0.5,7.3,60.8/27.5,2.38,70.2,65.3,95.7,98.5,85.7,87.1,...,...,0,0,0,0,0,0,1,0,0,0,0,0,0,0,0,0,0,0,0,0,0,0
25,"Bonaire, Sint Eustatius and Saba",Caribbean,-99,25,77.4,-99,-99,-99.0,-99,-99.0,-99.0,-99,-99,-99,-99,-99,-99,-99,-99,3.2,74.7,2.4,-99,-99.0,-99,-99,-99,-99,-99,,-99,,-99,,-99,,0,0,0,0,0,0,0,0,0,0,0,0,0,0,0,0,0,0,0,0,0,0
26,Bosnia and Herzegovina,SouthernEurope,51209,3507,68.8,16251,3.1,4265.0,7.3,26.5,66.2,18,30.4,51.7,25.4,96,97,5327,9130,-1,39.8,0.1,14.1/23.4,9.6,1.9,-99,98.9/92.0,2.2,78.8,73.7,-99,,-99,,-99,,0,1,0,0,0,0,0,0,0,0,0,0,0,0,0,0,0,0,0,0,0,0
27,Botswana,SouthernAfrica,582000,2292,4.0,14391,-0.3,6360.6,2.4,33.4,64.2,25.7,14.9,59.4,18.6,110,110,7321,6103,1.8,57.4,1.3,31.4/6.4,5.4,0.4,...,78.5/43.1,0.46,66.1,59.8,105.8,109.4,...,...,27.7,19.2,0,0,0,0,0,0,0,0,0,0,0,0,0,0,1,0,0,0,0,0,0,0
28,Brazil,SouthAmerica,8515767,209288,25.0,1772591,-3.8,8528.3,5.2,22.7,72.0,15.2,21.5,63.2,12.4,135,136,185235,137552,0.9,85.7,1.2,21.7/12.6,8.3,1.9,6,88.0/51.5,0.06,78.4,71.0,113.8,116.8,102.2,97.2,59.3,42.4,0,0,0,0,0,0,1,0,0,0,0,0,0,0,0,0,0,0,0,0,0,0
29,British Virgin Islands,Caribbean,151,31,208.0,908,-1.1,30144.5,1,11.1,87.8,...,...,...,-99,103,103,~0,444,2,46.2,1.8,.../...,-99.0,-99,6.6,97.5/97.5,-99,...,...,-99,,-99,,-99,,0,0,0,0,0,1,0,0,0,0,0,0,0,0,0,0,0,0,0,0,0,0
30,Brunei Darussalam,South-easternAsia,5765,429,81.3,12930,-0.6,30552.7,1.1,60.2,38.7,0.6,19.4,80.1,2.1,157,157,4875,2679,1.4,77.2,1.8,23.0/8.0,2.6,1.5,4.4,-99,-99,78.4,75.1,108.2,108.1,96.3,95.9,38.6,23.5,0,0,0,0,0,0,0,0,0,0,0,0,0,0,0,1,0,0,0,0,0,0
31,Bulgaria,EasternEurope,111002,7085,65.3,48953,3,6846.8,5.1,27.6,67.2,6.5,29.4,64.1,8.1,117,119,26088,28875,-0.6,73.9,-0.3,14.2/27.7,8.4,4,4.1,86.8/83.7,-99,77.8,70.8,96.7,97.7,97.4,100.5,82.9,65.4,0,0,0,0,0,0,0,0,0,0,1,0,0,0,0,0,0,0,0,0,0,0
32,Burkina Faso,WesternAfrica,272967,19193,70.2,11065,4.1,611.1,34.5,21.8,43.7,80,4.9,15.1,2.9,131,134,2019,3699,3,29.9,5.9,45.2/3.9,5.0,~0.0,4.1,50.4/6.7,9.11,59.3,58.0,86.1,89.9,32.2,35.1,3.8,7.3,0,0,0,0,0,0,0,0,0,0,0,0,1,0,0,0,0,0,0,0,0,0
33,Burundi,EasternAfrica,27830,10864,423.1,2735,-4.1,244.6,36.3,13.9,49.8,91.1,2.6,6.3,1.7,109,122,123,625,3,12.1,5.7,45.0/4.4,7.5,...,5.4,43.8/48.6,11.91,58.0,54.2,124.5,123.1,40.5,44.5,2.4,7.7,0,0,0,0,0,0,0,0,0,0,0,0,0,0,0,0,1,0,0,0,0,0
34,Cabo Verde,WesternAfrica,4033,546,135.6,1603,1.5,3080.2,9.5,19.8,70.7,27.2,11.5,61.3,10.5,98,98,29,485,1.2,65.5,2,30.2/6.9,4.8,0.3,5,81.6/54.3,9.81,74.0,70.1,106.9,112.8,98.3,87.7,25.2,18.1,0,0,0,0,0,0,0,0,0,0,0,0,1,0,0,0,0,0,0,0,0,0
35,Cambodia,South-easternAsia,181035,16005,90.7,18050,7,1158.7,28.2,29.4,42.3,42.4,19.6,38,0.3,175,177,13204,15313,1.6,20.7,2.6,31.3/7.1,5.7,0.2,1.9,88.1/30.5,3.97,69.6,65.5,116.2,117.1,...,...,11.8,14.3,0,0,0,0,0,0,0,0,0,0,0,0,0,0,0,1,0,0,0,0,0,0
36,Cameroon,MiddleAfrica,475650,24054,50.9,28416,5.8,1217.3,22.7,28.3,49.1,61.8,8.7,29.5,4.6,155,160,2130,4899,2.7,54.4,3.6,42.7/4.8,4.1,...,3,61.8/26.8,2.31,57.7,55.1,110.7,123.5,53.5,62.6,15.2,19.7,0,0,0,0,1,0,0,0,0,0,0,0,0,0,0,0,0,0,0,0,0,0
37,Canada,NorthernAmerica,9984670,36624,4.0,1552808,0.9,43205.6,1.8,28.6,69.6,2.1,19.5,78.4,7.1,109,109,388911,402954,1,81.8,1.2,16.0/23.5,10.4,2.5,5.3,100.0/99.0,-99,83.8,79.7,101.1,100.1,110.0,109.8,...,...,0,0,0,0,0,0,0,0,0,0,0,0,0,1,0,0,0,0,0,0,0,0
38,Cayman Islands,Caribbean,264,62,256.5,3726,0.7,62132.0,0.3,7.5,92.2,0.8,15.5,83.6,6.3,104,104,18,991,1.5,100.0,1.5,18.3/6.7,-99.0,-99,-99,95.6/...,-99,...,...,-99,,-99,,-99,,0,0,0,0,0,1,0,0,0,0,0,0,0,0,0,0,0,0,0,0,0,0
39,Central African Republic,MiddleAfrica,622984,4659,7.5,1633,4.8,333.2,34.9,24.8,40.4,72.2,4.3,23.4,6.9,114,113,213,147,0.4,40.0,2.6,43.2/5.5,4.2,...,1.2,43.6/7.2,32.25,51.0,47.8,79.8,107.3,11.8,23.0,1.5,4.1,0,0,0,0,1,0,0,0,0,0,0,0,0,0,0,0,0,0,0,0,0,0
40,Chad,MiddleAfrica,1284000,14900,11.8,10009,6.6,713.0,25.4,39.0,35.6,76.6,2,21.4,5.8,146,151,1990,1371,3.3,22.5,3.4,47.1/4.0,3.6,~0.0,2.8,31.4/6.5,5.74,52.8,50.5,88.0,114.6,14.0,30.7,1.1,5.7,0,0,0,0,1,0,0,0,0,0,0,0,0,0,0,0,0,0,0,0,0,0
41,Channel Islands,NorthernEurope,180,165,870.1,-99,-99,-99.0,-99,-99.0,-99.0,5,24.5,70.5,8.7,-99,-99,-99,-99,0.5,31.5,0.8,14.5/24.5,-99.0,-99,-99,-99,-99,82.4,78.7,-99,,-99,,-99,,0,0,0,0,0,0,0,0,0,0,0,0,0,0,0,0,0,1,0,0,0,0
42,Chile,SouthAmerica,756102,18055,24.3,240796,2.3,13416.2,3.9,32.8,63.3,9.6,22.9,67.5,6.8,111,111,59884,58804,0.9,89.5,1.1,20.3/16.0,7.8,...,4.9,100.0/90.9,0.02,81.3,76.2,100.0,103.3,101.3,100.0,94.4,83.0,0,0,0,0,0,0,1,0,0,0,0,0,0,0,0,0,0,0,0,0,0,0
43,"China, Hong Kong SAR",EasternAsia,1106,7365,7014.2,309236,2.4,42431.0,0.1,7.2,92.7,0.2,14.9,84.9,3.5,34,34,516588,547124,0.6,100.0,0.7,11.5/23.5,-99.0,-99,3.3,-99,-99,86.4,80.5,-99,,98.8,102.8,73.7,63.5,0,0,0,0,0,0,0,0,0,0,0,0,0,0,0,0,0,0,0,0,0,0
44,"China, Macao SAR",EasternAsia,30,623,20821.6,46178,-20.3,78586.4,-99,6.6,93.4,0.3,17.7,82.1,3.2,86,86,1257,8924,2.3,100.0,1.8,13.3/16.1,-99.0,-99,2,-99,-99,86.2,80.3,99.7,101.1,95.9,97.0,86.3,65.2,0,0,0,0,0,0,0,0,0,0,0,0,0,0,0,0,0,0,0,0,0,0
45,China,EasternAsia,9600000,1409517,150.1,11158457,6.9,8109.1,9.2,41.1,49.7,27,23.9,49.1,4.6,132,133,2118981,1588696,0.5,55.6,3,17.7/16.2,5.5,1.5,-99,86.6/63.7,0,77.2,74.2,104.3,104.0,95.6,93.2,47.3,39.9,0,0,0,0,0,0,0,0,0,0,0,0,0,0,0,0,0,0,1,0,0,0
46,Colombia,SouthAmerica,1141748,49066,44.2,292080,3.1,6056.1,6.8,34.0,59.2,13.5,16.6,69.9,10.5,114,115,31045,44831,1,76.4,1.7,23.5/11.6,7.2,...,4.5,85.2/67.9,0.47,77.4,70.2,111.6,115.4,101.5,94.8,59.9,51.5,0,0,0,0,0,0,1,0,0,0,0,0,0,0,0,0,0,0,0,0,0,0
47,Comoros,EasternAfrica,2235,814,437.4,1079,4.8,1368.9,30.7,4.0,65.3,62,5.2,32.8,20,107,107,20,193,2.4,28.3,2.7,39.8/4.9,6.7,...,4.3,48.3/30.9,12.05,64.5,61.2,99.5,106.8,62.4,58.4,8.0,9.8,0,0,0,0,0,0,0,0,0,0,0,0,0,0,0,0,1,0,0,0,0,0
48,Congo,MiddleAfrica,342000,5261,15.4,8493,1.2,1838.1,4.7,70.0,25.3,40.7,25.8,33.5,11.5,106,106,2540,9793,2.6,65.4,3.2,42.3/5.2,5.2,...,...,20.0/5.6,1.05,64.1,61.0,114.8,107.0,50.6,58.4,8.3,11.1,0,0,0,0,1,0,0,0,0,0,0,0,0,0,0,0,0,0,0,0,0,0
49,Cook Islands,Polynesia,236,17,72.4,294,5.5,14118.7,8.1,9.0,82.9,4.3,11.7,84,8.2,91,91,14,98,-1.2,74.5,0.9,26.9/14.2,3.4,...,3.9,97.6/97.6,-99,79.6,71.7,99.3,106.0,90.1,83.0,49.5,40.1,0,0,0,1,0,0,0,0,0,0,0,0,0,0,0,0,0,0,0,0,0,0
50,Costa Rica,CentralAmerica,51100,4906,96.1,52958,3.7,11015.0,5.1,21.5,73.4,11.6,19.1,69.3,8.6,127,129,9908,15322,1.1,76.8,2.7,21.6/13.6,9.3,1.2,7.2,95.2/92.3,0.22,81.7,76.7,109.5,110.1,125.6,120.7,60.9,46.6,0,0,0,0,0,0,0,0,0,0,0,1,0,0,0,0,0,0,0,0,0,0
51,Croatia,SouthernEurope,56594,4189,74.9,48676,1.6,11479.4,4.1,26.6,69.3,9.2,26.8,64,11.7,91,91,13648,21830,-0.4,59.0,0.1,14.7/26.8,7.8,3.1,4.6,97.8/95.8,...,80.4,73.6,98.1,97.8,100.6,95.9,79.8,58.8,0,1,0,0,0,0,0,0,0,0,0,0,0,0,0,0,0,0,0,0,0,0
52,Cuba,Caribbean,109884,11485,107.9,87206,4.4,7656.6,5,20.5,74.5,12.9,11.7,75.3,3,100,101,18000,4911,0.2,77.1,0.1,16.0/20.1,11.1,7.5,...,94.4/89.1,...,81.3,77.1,94.9,100.1,102.7,98.2,43.0,30.1,0,0,0,0,0,1,0,0,0,0,0,0,0,0,0,0,0,0,0,0,0,0
53,Cyprus,WesternAsia,9251,1180,127.7,19561,1.7,21941.9,2.3,10.6,87.2,4.1,16.7,79.2,10.3,80,80,1920,6604,0.9,66.9,0.9,16.8/18.5,7.4,2.5,6.1,100.0/100.0,-99,82.2,77.7,99.3,99.3,99.4,100.1,69.4,51.1,0,0,0,0,0,0,0,1,0,0,0,0,0,0,0,0,0,0,0,0,0,0
54,Czechia,EasternEurope,78868,10618,137.5,185156,4.5,17561.7,2.5,37.8,59.7,2.5,37,60.5,3.9,102,102,161248,140316,0.1,73.0,0.3,15.4/25.6,7.4,3.7,4.1,99.1/99.2,-99,81.2,75.1,99.9,99.6,106.1,105.1,76.3,54.2,0,0,0,0,0,0,0,0,0,0,1,0,0,0,0,0,0,0,0,0,0,0
55,Democratic People's Republic of Korea,EasternAsia,120538,25491,211.7,16283,-1.1,648.0,21.6,46.2,32.2,58.9,19.3,21.8,4.3,104,103,1010,2757,0.5,60.9,0.7,20.6/13.5,-99.0,2.8,-99,87.9/72.5,-99,74.1,67.2,76.9,76.7,93.9,92.9,19.8,36.0,0,0,0,0,0,0,0,0,0,0,0,0,0,0,0,0,0,0,1,0,0,0
56,Democratic Republic of the Congo,MiddleAfrica,2344858,81340,35.9,37569,7,486.2,19.9,44.2,35.9,65.3,5.9,28.9,3.6,104,104,5103,5906,3.3,42.5,4,46.3/4.7,4.3,...,2.2,28.5/28.7,8.01,59.5,56.7,101.8,112.0,33.3,53.6,4.2,9.1,0,0,0,0,1,0,0,0,0,0,0,0,0,0,0,0,0,0,0,0,0,0
57,Denmark,NorthernEurope,42921,5734,135.1,301308,1.6,53149.3,1.2,22.9,75.8,2.4,19.2,78.4,6,105,105,94355,85133,0.5,87.7,0.6,16.5/25.3,10.8,3.6,8.6,99.6/99.6,-99,82.2,78.1,100.7,102.3,133.4,128.3,96.3,69.7,0,0,0,0,0,0,0,0,0,0,0,0,0,0,0,0,0,1,0,0,0,0
58,Djibouti,EasternAfrica,23200,957,41.3,1737,6.5,1956.3,3.3,21.4,75.3,22.8,23.9,53.2,6.6,133,133,134,987,1.7,77.3,1.6,31.1/6.4,10.6,0.2,...,59.8/5.1,...,63.2,60.0,60.9,68.6,43.5,52.9,4.0,5.9,0,0,0,0,0,0,0,0,0,0,0,0,0,0,0,0,1,0,0,0,0,0
59,Dominica,Caribbean,750,74,98.6,512,-1.8,7051.1,15.4,13.2,71.5,...,...,...,...,110,111,23,214,0.5,69.5,0.8,.../...,5.5,...,-99,.../...,2.36,...,...,114.8,117.2,99.8,101.2,-99,,0,0,0,0,0,1,0,0,0,0,0,0,0,0,0,0,0,0,0,0,0,0
60,Dominican Republic,Caribbean,48671,10767,222.8,67103,7,6373.6,6.6,28.0,65.4,13.1,16.9,70,14.4,136,138,3747,22725,1.2,79.0,2.6,29.3/10.2,4.4,1.5,...,86.2/75.7,0.43,76.4,70.2,98.7,108.1,81.7,74.1,65.0,35.4,0,0,0,0,0,1,0,0,0,0,0,0,0,0,0,0,0,0,0,0,0,0
61,Ecuador,SouthAmerica,257217,16625,66.9,100177,0.2,6205.1,10.1,34.1,55.8,25.7,19.2,55.1,5.8,118,119,16798,16189,1.6,63.7,1.9,28.4/10.5,9.2,1.7,5,87.0/80.7,0.31,78.4,72.8,107.9,107.4,109.2,105.3,45.3,34.6,0,0,0,0,0,0,1,0,0,0,0,0,0,0,0,0,0,0,0,0,0,0
62,Egypt,NorthernAfrica,1002000,97553,98.0,315917,4.2,3452.3,11.2,36.3,52.5,25.4,25.3,49.3,11.5,120,122,22507,58053,2.2,43.1,1.7,33.5/7.9,5.6,0.8,...,96.8/93.1,0.78,73.0,68.7,103.8,104.1,85.9,86.3,35.6,36.9,0,0,1,0,0,0,0,0,0,0,0,0,0,0,0,0,0,0,0,0,0,0
63,El Salvador,CentralAmerica,21041,6378,307.8,25850,2.5,4219.4,10.8,25.8,63.3,18.6,20.2,61.2,6.4,111,117,5335,9855,0.5,66.7,1.4,27.4/11.6,6.8,...,3.5,82.4/60.0,0.36,77.1,67.9,106.8,111.4,79.7,79.2,30.5,27.7,0,0,0,0,0,0,0,0,0,0,0,1,0,0,0,0,0,0,0,0,0,0
64,Equatorial Guinea,MiddleAfrica,28052,1268,45.2,13812,-7.4,16344.1,1.2,73.1,25.7,18.8,18,63.2,7.7,117,118,7443,5456,4.2,39.9,3.1,37.2/4.4,3.8,...,-99,79.9/71.0,0.15,58.4,55.5,78.2,80.0,...,...,...,...,0,0,0,0,1,0,0,0,0,0,0,0,0,0,0,0,0,0,0,0,0,0
65,Eritrea,EasternAfrica,117600,5069,50.2,4783,4.8,914.9,17.2,23.5,59.3,57,7.6,35.4,7.3,109,109,16,3325,2,22.6,5.1,41.8/5.3,3.3,...,...,44.6/7.3,...,65.6,61.4,45.9,53.2,28.1,32.9,1.7,3.4,0,0,0,0,0,0,0,0,0,0,0,0,0,0,0,0,1,0,0,0,0,0
66,Estonia,NorthernEurope,45227,1310,30.9,22460,1.4,17112.0,3.4,27.4,69.2,3.8,29,67.3,7.2,136,136,13952,15759,-0.3,67.5,-0.4,16.4/25.9,6.4,3.3,5.5,97.5/96.6,-99,81.2,71.8,98.5,98.3,114.7,115.6,84.8,55.4,0,0,0,0,0,0,0,0,0,0,0,0,0,0,0,0,0,1,0,0,0,0
67,Ethiopia,EasternAfrica,1104300,104957,105.0,59917,9.6,602.8,40.5,16.0,43.5,70.5,8.4,21.1,5.7,158,157,1724,19121,2.6,19.5,4.9,40.6/5.3,4.9,...,4.5,27.2/28.2,5.28,65.5,61.9,97.2,106.9,34.4,35.9,5.3,10.9,0,0,0,0,0,0,0,0,0,0,0,0,0,0,0,0,1,0,0,0,0,0
68,Falkland Islands (Malvinas),SouthAmerica,12173,3,0.2,-99,-99,-99.0,-99,-99.0,-99.0,-99,-99,-99,1.2,96,105,4,17,0.3,76.2,1,16.4/15.7,-99.0,-99,-99,-99,-99,-99,,-99,,-99,,-99,,0,0,0,0,0,0,1,0,0,0,0,0,0,0,0,0,0,0,0,0,0,0
69,Faroe Islands,NorthernEurope,1393,49,35.3,-99,-99,-99.0,-99,-99.0,-99.0,...,...,...,4,102,102,1192,976,0.2,42.0,0.5,21.0/22.5,-99.0,-99,-99,-99,-99,84.5,78.3,-99,,-99,,-99,,0,0,0,0,0,0,0,0,0,0,0,0,0,0,0,0,0,1,0,0,0,0
70,Fiji,Melanesia,18272,906,49.6,4391,3.6,4921.9,11.3,18.1,70.7,21.3,2.9,75.8,7.7,88,88,926,2316,0.7,53.7,1.5,28.5/9.9,4.5,...,3.9,93.4/88.4,2.46,72.9,66.9,105.1,106.0,93.4,84.3,...,...,0,0,0,0,0,0,0,0,0,0,0,0,0,0,0,0,0,0,0,0,0,1
71,Finland,NorthernEurope,338440,5523,18.2,231960,0.2,42148.1,2.5,26.8,70.6,4.2,22,73.8,8.9,101,101,57326,60502,0.4,84.2,0.5,16.4/27.8,9.7,3,7.2,99.4/88.0,-99,83.7,77.7,101.4,101.7,156.3,142.8,95.6,79.3,0,0,0,0,0,0,0,0,0,0,0,0,0,0,0,0,0,1,0,0,0,0
72,France,WesternEurope,551500,64980,118.7,2418946,1.3,36304.2,1.7,19.5,78.8,2.7,20.5,76.8,9.8,103,103,488885,560555,0.4,79.5,0.8,18.1/25.7,11.5,3.2,5.5,98.6/98.9,-99,85.0,78.8,105.0,105.7,111.2,110.1,71.0,57.9,0,0,0,0,0,0,0,0,0,1,0,0,0,0,0,0,0,0,0,0,0,0
73,French Guiana,SouthAmerica,83534,283,3.4,-99,-99,-99.0,-99,-99.0,-99.0,-99,14.9,58.3,21.3,120,120,-99,-99,2.8,84.4,2.8,33.2/8.4,-99.0,-99,-99,94.9/75.8,-99,82.6,76.1,-99,,-99,,-99,,0,0,0,0,0,0,1,0,0,0,0,0,0,0,0,0,0,0,0,0,0,0
74,French Polynesia,Polynesia,4000,283,77.3,5135,1.6,18161.0,2.8,11.9,85.2,8.9,16.9,74.2,17,98,98,173,1491,0.7,55.9,0.9,23.3/11.9,-99.0,-99,-99,98.5/98.5,-99,78.6,74.0,-99,,-99,,-99,,0,0,0,1,0,0,0,0,0,0,0,0,0,0,0,0,0,0,0,0,0,0
75,Gabon,MiddleAfrica,267668,2025,7.9,13735,3.9,7960.7,3.8,54.5,41.7,16.2,19.1,64.8,18.1,97,92,2851,2930,3.3,87.2,2.7,35.9/6.4,3.4,...,2.7,43.4/31.5,0.73,65.8,63.1,139.9,144.0,-99,,...,...,0,0,0,0,1,0,0,0,0,0,0,0,0,0,0,0,0,0,0,0,0,0
76,Gambia,WesternAfrica,11295,2101,207.6,942,4.7,473.2,21.1,14.9,64.0,30.4,14.4,55.2,29.7,82,82,32,471,3.1,59.6,4.3,45.3/3.8,7.3,...,2.8,61.5/55.0,12.35,61.6,59.1,96.8,90.1,...,...,2.5,3.7,0,0,0,0,0,0,0,0,0,0,0,0,1,0,0,0,0,0,0,0,0,0
77,Georgia,WesternAsia,69700,3912,56.3,13965,2.8,3491.4,9,24.1,66.9,44.7,11.2,44.1,11.4,85,86,2114,7236,-1.4,53.6,-0.1,19.2/20.8,7.4,4.8,2,95.2/75.9,3.3,77.0,68.5,118.2,115.5,103.8,103.6,47.8,39.2,0,0,0,0,0,0,0,1,0,0,0,0,0,0,0,0,0,0,0,0,0,0
78,Germany,WesternEurope,357376,82114,235.6,3363600,1.7,41686.2,0.6,30.5,68.9,1.4,27.5,71.2,4.2,111,111,1340752,1060672,0.2,75.3,0.2,13.1/28.0,11.3,4.1,5,99.3/99.0,-99,82.9,77.9,104.7,105.2,99.6,105.6,66.8,69.7,0,0,0,0,0,0,0,0,0,1,0,0,0,0,0,0,0,0,0,0,0,0
79,Ghana,WesternAfrica,238537,28834,126.7,37156,3.9,1355.6,19,26.9,54.1,41.9,14.2,43.8,5.9,144,144,7221,11939,2.4,54.0,3.4,38.5/5.3,3.6,...,6.2,20.2/8.6,4.81,62.6,60.7,108.7,107.3,61.1,63.1,13.2,19.1,0,0,0,0,0,0,0,0,0,0,0,0,1,0,0,0,0,0,0,0,0,0
80,Gibraltar,SouthernEurope,6,35,3457.1,-99,-99,-99.0,-99,-99.0,-99.0,-99,-99,-99,-99,-99,-99,234,533,0.6,100.0,0.1,18.1/22.4,-99.0,-99,-99,-99,-99,...,...,-99,,-99,,-99,,0,1,0,0,0,0,0,0,0,0,0,0,0,0,0,0,0,0,0,0,0,0
81,Greece,SouthernEurope,131957,11160,86.6,194860,-0.2,17788.0,4.1,15.7,80.2,12.9,15,72.1,23,86,87,27811,47595,-0.4,78.0,0.5,14.2/26.5,8.1,6.3,...,99.2/98.1,-99,83.3,78.0,97.1,98.1,103.4,109.5,113.7,114.0,0,1,0,0,0,0,0,0,0,0,0,0,0,0,0,0,0,0,0,0,0,0
82,Greenland,NorthernAmerica,2166086,56,0.1,2078,0.3,36976.7,10,15.9,74.1,4.6,12.6,82.5,9.7,99,99,553,623,-0.1,86.4,0.7,21.0/13.2,-99.0,-99,-99,100.0/100.0,-99,73.4,68.7,-99,,-99,,-99,,0,0,0,0,0,0,0,0,0,0,0,0,0,1,0,0,0,0,0,0,0,0
83,Grenada,Caribbean,345,108,317.1,954,6.2,8933.8,8.3,13.9,77.8,-99,-99,-99,...,103,103,30,350,0.4,35.6,0.3,26.3/10.5,6.1,...,...,97.5/98.3,2.55,75.6,70.8,102.9,106.8,99.0,99.4,97.9,84.5,0,0,0,0,0,1,0,0,0,0,0,0,0,0,0,0,0,0,0,0,0,0
84,Guadeloupe,Caribbean,1705,450,266.0,-99,-99,-99.0,-99,-99.0,-99.0,3.3,13.5,65.5,26.1,100,100,-99,-99,-~0.0,98.4,0.5,18.6/23.6,-99.0,-99,-99,97.0/89.5,-99,84.0,76.8,-99,,-99,,-99,,0,0,0,0,0,1,0,0,0,0,0,0,0,0,0,0,0,0,0,0,0,0
85,Guam,Micronesia,549,164,304.1,-99,-99,-99.0,-99,-99.0,-99.0,0.2,14,85.7,10.7,88,88,-99,-99,0.3,94.5,1.4,24.7/14.0,-99.0,-99,-99,89.8/89.8,-99,81.5,76.4,-99,,-99,,-99,,0,0,0,0,0,0,0,0,0,0,0,0,0,0,0,0,0,0,0,1,0,0
86,Guatemala,CentralAmerica,108889,16914,157.8,63794,4.1,3903.5,10.8,27.2,62.0,32,18.5,49.4,2.4,158,158,10572,16987,2.1,51.6,3.4,35.1/6.9,6.2,...,3,77.5/49.3,0.66,75.6,69.2,99.8,103.8,63.3,67.9,23.5,20.2,0,0,0,0,0,0,0,0,0,0,0,1,0,0,0,0,0,0,0,0,0,0
87,Guinea-Bissau,WesternAfrica,36125,1861,66.2,978,4.8,530.0,45,14.5,40.5,60.1,5.8,34.1,6.5,137,138,885,212,2.6,49.3,4.1,41.5/4.9,5.6,...,2.2,33.5/8.5,9.03,57.7,54.3,...,...,...,...,-99,,0,0,0,0,0,0,0,0,0,0,0,0,1,0,0,0,0,0,0,0,0,0
88,Guinea,WesternAfrica,245857,12717,51.8,8875,0.1,703.9,19.8,32.8,47.4,69.7,7.4,22.9,6.8,130,131,1753,2082,2.3,37.2,3.8,42.3/5.2,5.6,...,3.2,34.1/11.8,8.65,58.4,57.4,83.8,98.6,30.7,46.8,6.7,14.9,0,0,0,0,0,0,0,0,0,0,0,0,1,0,0,0,0,0,0,0,0,0
89,Guyana,SouthAmerica,214969,778,4.0,3282,3.1,4278.8,17.6,31.7,50.6,18.4,25.4,56.2,11.3,142,143,1453,1625,0.6,28.6,0.8,29.0/8.6,5.2,...,3.2,87.9/82.0,0.97,68.6,64.0,83.9,86.9,89.0,89.7,16.8,8.2,0,0,0,0,0,0,1,0,0,0,0,0,0,0,0,0,0,0,0,0,0,0
90,Haiti,Caribbean,27750,10981,398.4,8501,1.7,793.7,16.7,38.2,45.1,46.9,12.6,40.6,12.9,163,166,984,3316,1.4,58.6,3.8,33.0/7.3,7.6,-99,-99,33.6/19.2,11.73,64.4,60.2,-99,,-99,,-99,,0,0,0,0,0,1,0,0,0,0,0,0,0,0,0,0,0,0,0,0,0,0
91,Holy See,SouthernEurope,~0,1,1800.0,-99,-99,-99.0,-99,-99.0,-99.0,-99,-99,-99,-99,-99,-99,-99,-99,~0.0,100.0,~0.0,-99,-99.0,-99,-99,-99,-99,-99,,-99,,-99,,-99,,0,1,0,0,0,0,0,0,0,0,0,0,0,0,0,0,0,0,0,0,0,0
92,Honduras,CentralAmerica,112492,9265,82.8,20365,3.6,2521.9,13,25.1,61.9,29.4,21.6,49,5.6,122,119,3657,8448,1.8,54.7,3.1,31.6/7.0,8.7,...,5.9,86.7/77.7,2.86,75.4,70.4,110.1,111.3,77.0,64.8,25.4,18.8,0,0,0,0,0,0,0,0,0,0,0,1,0,0,0,0,0,0,0,0,0,0
93,Hungary,EasternEurope,93024,9722,107.4,121715,3.1,12350.6,4.1,31.9,64.0,4.3,29.8,65.9,4.5,99,99,103071,92044,-0.3,71.2,0.5,14.3/26.0,7.4,3.3,4.7,97.8/98.6,-99,78.8,71.7,101.3,101.9,105.3,105.1,56.7,45.3,0,0,0,0,0,0,0,0,0,0,1,0,0,0,0,0,0,0,0,0,0,0
94,Iceland,NorthernEurope,103000,335,3.3,16780,4.2,50936.0,6.4,24.0,69.7,4,17.7,78.2,3.6,117,117,4450,5703,0.6,94.1,1.3,20.1/20.1,8.9,3.8,7.8,98.7/100.0,-99,83.8,80.6,98.6,99.7,121.0,116.3,103.1,60.2,0,0,0,0,0,0,0,0,0,0,0,0,0,0,0,0,0,1,0,0,0,0
95,India,SouthernAsia,3287263,1339180,450.4,2116239,7.6,1614.2,17,29.7,53.2,44.3,24.5,31.2,3.4,143,142,260327,356705,1.2,32.7,2.4,27.8/9.4,4.7,0.7,3.8,62.6/28.5,0.16,69.1,66.2,115.1,102.8,74.5,73.5,26.7,27.0,1,0,0,0,0,0,0,0,0,0,0,0,0,0,0,0,0,0,0,0,0,0
96,Indonesia,South-easternAsia,1910931,263991,145.7,861934,4.8,3346.5,14,41.3,44.7,31.4,22.4,46.2,5.8,139,140,144490,135653,1.2,53.7,2.7,27.4/8.6,2.8,0.2,3.6,72.3/47.5,0,70.7,66.6,104.4,107.2,86.0,85.7,25.7,22.9,0,0,0,0,0,0,0,0,0,0,0,0,0,0,0,1,0,0,0,0,0,0
97,Iran (Islamic Republic of),SouthernAsia,1628750,81163,49.8,398563,0.4,5038.1,8.6,39.1,52.3,16.6,32.5,50.9,11.3,106,107,45627,35333,1.2,73.4,2.1,23.7/8.8,7.5,1.5,2.9,92.8/82.3,0.02,76.2,74.0,111.7,106.3,88.9,89.4,67.7,75.9,1,0,0,0,0,0,0,0,0,0,0,0,0,0,0,0,0,0,0,0,0,0
98,Iraq,WesternAsia,435052,38275,88.1,164234,-2.4,4509.0,4.6,58.0,37.4,20.4,21,58.6,16.1,123,123,27341,45831,3.2,69.5,3,40.4/5.0,5.5,0.9,-99,86.4/83.8,0.88,71.4,67.0,...,...,...,...,...,...,0,0,0,0,0,0,0,1,0,0,0,0,0,0,0,0,0,0,0,0,0,0
99,Ireland,NorthernEurope,69797,4762,69.1,283716,26.3,60513.6,1,41.7,57.3,4.8,17.7,77.4,7.6,102,102,129315,76997,0.3,63.2,1.6,21.6/19.1,7.8,2.8,5.3,89.1/92.9,-99,83.0,78.7,102.0,100.9,129.4,125.6,87.6,80.1,0,0,0,0,0,0,0,0,0,0,0,0,0,0,0,0,0,1,0,0,0,0
100,Isle of Man,NorthernEurope,572,84,147.9,-99,-99,-99.0,-99,-99.0,-99.0,...,...,...,2.6,-99,-99,-99,-99,0.8,52.2,0.8,16.0/26.9,-99.0,-99,-99,-99,-99,-99,,-99,,-99,,-99,,0,0,0,0,0,0,0,0,0,0,0,0,0,0,0,0,0,1,0,0,0,0
101,Israel,WesternAsia,22072,8322,384.5,299413,2.5,37129.4,1.3,21.2,77.5,1,17.9,81,5.9,112,112,60571,65803,1.6,92.1,1.4,27.9/16.1,7.8,3.6,5.8,100.0/100.0,-99,83.7,80.0,105.1,104.4,103.0,102.0,75.5,54.6,0,0,0,0,0,0,0,1,0,0,0,0,0,0,0,0,0,0,0,0,0,0
102,Italy,SouthernEurope,302073,59360,201.8,1821580,0.7,30462.4,2.2,23.5,74.2,3.5,27.1,69.4,11.4,89,89,461529,404578,-0.1,69.0,0.4,13.5/29.4,9.2,3.9,4.1,99.5/99.6,-99,84.7,79.9,100.6,101.4,101.7,104.1,72.2,53.2,0,1,0,0,0,0,0,0,0,0,0,0,0,0,0,0,0,0,0,0,0,0
103,Jamaica,Caribbean,10990,2890,266.9,14262,1,5105.8,7.1,22.3,70.5,17.9,15.3,66.8,13.1,102,102,1202,4767,0.4,54.8,0.9,22.7/13.6,5.4,...,5.5,79.9/84.1,0.42,77.9,73.1,...,...,85.1,79.2,34.6,20.1,0,0,0,0,0,1,0,0,0,0,0,0,0,0,0,0,0,0,0,0,0,0
104,Japan,EasternAsia,377930,127484,349.7,4383076,1.2,34628.7,1.2,26.4,72.4,3.7,26.5,69.8,3,96,97,644932,606924,-0.1,93.5,0.6,12.9/33.4,10.2,2.3,3.6,100.0/100.0,-99,86.4,80.0,101.2,101.3,101.9,101.6,60.9,65.7,0,0,0,0,0,0,0,0,0,0,0,0,0,0,0,0,0,0,1,0,0,0
105,Jordan,WesternAsia,89318,9702,109.3,37517,2.4,4940.1,4,27.7,68.4,2,17.8,80.2,13.4,134,135,7509,19207,4.9,83.7,3.8,35.5/5.7,7.5,2.6,-99,98.6/98.9,5.8,75.5,72.2,97.6,97.1,84.8,80.2,47.3,42.5,0,0,0,0,0,0,0,1,0,0,0,0,0,0,0,0,0,0,0,0,0,0
106,Kazakhstan,CentralAsia,2724902,18204,6.7,181754,1.2,10312.1,5,32.5,62.5,18.1,20.4,61.6,5.6,126,127,36775,25175,1.6,53.2,0.9,27.9/11.1,4.4,3.3,2.8,97.0/98.1,0.05,73.9,64.3,109.1,108.8,113.5,110.6,51.3,41.4,0,0,0,0,0,0,0,0,0,0,0,0,0,0,0,0,0,0,0,0,1,0
107,Kenya,EasternAfrica,591958,49700,87.3,63399,5.6,1376.7,32,19.0,49.0,61.9,8.6,29.5,10.8,126,126,5688,14109,2.7,25.6,4.3,40.5/4.3,5.7,0.2,5.3,31.2/29.7,3.93,67.8,63.0,108.7,109.3,...,...,...,...,0,0,0,0,0,0,0,0,0,0,0,0,0,0,0,0,1,0,0,0,0,0
108,Kiribati,Micronesia,726,116,143.7,162,3.7,1442.9,24.1,13.6,62.2,...,...,...,...,61,61,3,116,1.8,44.3,1.8,35.0/6.4,10.2,0.2,...,51.2/30.6,20.05,68.9,62.4,106.1,102.9,...,...,-99,,0,0,0,0,0,0,0,0,0,0,0,0,0,0,0,0,0,0,0,1,0,0
109,Kuwait,WesternAsia,17818,4136,232.1,114054,1.8,29303.9,0.6,48.7,50.7,2.6,27.3,70.1,2.2,199,199,46238,30825,5.4,98.3,3.6,21.1/4.9,3.0,1.9,...,100.0/100.0,-99,75.5,73.5,103.0,102.4,102.7,88.2,33.1,20.4,0,0,0,0,0,0,0,1,0,0,0,0,0,0,0,0,0,0,0,0,0,0
110,Kyrgyzstan,CentralAsia,199949,6045,31.5,6572,3.5,1106.4,15.4,25.9,58.7,29.2,21,49.8,7.7,108,110,1423,3844,1.6,35.7,1.6,31.8/7.6,6.5,1.9,5.5,89.1/95.6,12.16,74.3,66.4,106.8,107.9,92.8,91.4,53.3,40.8,0,0,0,0,0,0,0,0,0,0,0,0,0,0,0,0,0,0,0,0,1,0
111,Lao People's Democratic Republic,South-easternAsia,236800,6858,29.7,12585,7.6,1850.2,23.6,32.8,43.6,78.3,4,17.7,1.5,193,186,2066,4513,1.3,38.6,4.9,32.9/6.3,1.9,0.2,3.3,94.5/56.0,4.03,66.8,63.9,109.1,113.5,59.3,64.1,16.5,17.3,0,0,0,0,0,0,0,0,0,0,0,0,0,0,0,1,0,0,0,0,0,0
112,Latvia,NorthernEurope,64573,1950,31.3,27004,2.7,13704.1,3.2,23.3,73.5,7.3,23,69.7,9.6,130,130,11433,13596,-1.2,67.4,-0.7,15.4/26.2,5.9,3.2,5.3,90.8/81.5,-99,78.7,68.8,99.2,100.1,119.1,119.9,79.2,55.5,0,0,0,0,0,0,0,0,0,0,0,0,0,0,0,0,0,1,0,0,0,0
113,Lebanon,WesternAsia,10452,6082,594.6,50149,1.5,8571.4,3.2,19.6,77.2,8.2,22.4,69.4,7,95,95,3402,20409,6,87.8,3.2,23.1/12.0,6.4,2.4,2.6,80.7/80.7,2.04,80.9,77.3,88.3,96.6,61.0,61.5,45.7,39.5,0,0,0,0,0,0,0,1,0,0,0,0,0,0,0,0,0,0,0,0,0,0
114,Lesotho,SouthernAfrica,30355,2233,73.6,2008,2.8,940.6,7.7,31.3,61.0,39.7,20,40.3,27.5,101,100,648,1727,1.3,27.3,3,35.4/6.7,10.6,...,...,37.3/27.6,4.11,54.7,50.1,104.0,107.0,62.0,45.7,11.7,8.0,0,0,0,0,0,0,0,0,0,0,0,0,0,0,1,0,0,0,0,0,0,0
115,Liberia,WesternAfrica,111369,4732,49.1,2053,0.3,455.9,70.8,11.4,17.9,45.3,11.7,43,4.1,104,121,641,727,2.6,49.7,3.4,41.8/4.9,10.0,...,2.8,28.0/5.9,61.73,61.6,59.8,89.1,98.5,32.5,41.9,9.0,14.2,0,0,0,0,0,0,0,0,0,0,0,0,1,0,0,0,0,0,0,0,0,0
116,Libya,NorthernAfrica,1676198,6375,3.6,34457,-10.2,5488.2,0.9,67.1,32.0,19.1,25.1,55.8,19.2,113,114,4615,8876,0.2,78.6,1.1,28.2/6.6,5.0,2.1,-99,96.8/95.7,0.51,74.4,68.8,...,...,...,...,...,...,0,0,1,0,0,0,0,0,0,0,0,0,0,0,0,0,0,0,0,0,0,0
117,Liechtenstein,WesternEurope,160,38,237.0,6361,1.4,169491.8,0.7,40.1,59.2,-99,-99,-99,2.6,102,102,-99,-99,0.8,14.3,0.5,14.9/22.7,-99.0,-99,2.6,-99,-99,-99,,104.8,106.5,101.7,130.7,21.9,44.8,0,0,0,0,0,0,0,0,0,1,0,0,0,0,0,0,0,0,0,0,0,0
118,Lithuania,NorthernEurope,65286,2890,46.1,41402,1.8,14383.7,3.6,29.8,66.5,8.7,24.5,66.8,9.2,125,125,25025,27501,-1.3,66.5,-0.5,14.8/25.3,6.6,4.3,4.6,97.2/82.8,-99,79.3,68.5,103.7,103.2,106.1,110.3,82.0,55.8,0,0,0,0,0,0,0,0,0,0,0,0,0,0,0,0,0,1,0,0,0,0
119,Luxembourg,WesternEurope,2586,584,225.3,56802,3.5,100160.8,0.2,12.1,87.7,1.3,10.2,88.5,5.6,98,98,12838,19124,2.2,90.2,1.7,16.4/19.6,6.9,2.9,4.1,97.5/98.5,-99,83.4,78.8,97.3,96.9,103.5,101.1,20.7,18.2,0,0,0,0,0,0,0,0,0,1,0,0,0,0,0,0,0,0,0,0,0,0
120,Madagascar,EasternAfrica,587295,25571,44.0,9739,3.1,401.8,24.9,18.4,56.7,74.2,9.4,16.5,2.3,119,120,2256,2965,2.7,35.1,4.7,41.0/4.8,3.0,0.1,2.1,18.0/8.7,7.05,66.0,63.0,148.9,148.9,38.1,38.8,4.6,5.0,0,0,0,0,0,0,0,0,0,0,0,0,0,0,0,0,1,0,0,0,0,0
121,Malawi,EasternAfrica,118484,18622,197.5,6420,3,372.9,26.1,16.6,57.3,69.9,4.8,25.4,6.8,149,150,875,1649,2.9,16.3,3.8,44.0/4.3,11.4,...,5.6,47.3/39.8,16.53,63.1,58.2,147.0,144.0,41.0,45.8,0.6,1.0,0,0,0,0,0,0,0,0,0,0,0,0,0,0,0,0,1,0,0,0,0,0
122,Malaysia,South-easternAsia,330323,31624,96.3,296284,5,9768.4,8.6,39.6,51.8,11.8,27.3,60.9,3.3,122,130,189414,168375,1.8,74.7,2.7,24.3/9.7,4.2,1.3,5,96.1/95.9,0,77.1,72.6,101.9,101.7,80.7,74.6,31.8,20.8,0,0,0,0,0,0,0,0,0,0,0,0,0,0,0,1,0,0,0,0,0,0
123,Maldives,SouthernAsia,300,436,1454.4,3435,2.8,9446.5,3.1,22.0,74.9,7.7,22.8,69.5,2.9,65,65,140,2128,2.8,45.5,4.5,23.4/6.3,13.7,...,5.2,97.5/98.3,0.95,77.4,75.4,98.6,97.3,...,...,20.3,12.4,1,0,0,0,0,0,0,0,0,0,0,0,0,0,0,0,0,0,0,0,0,0
124,Mali,WesternAfrica,1240192,18542,15.2,13100,7.6,744.3,39.9,19.6,40.5,56.7,14.7,28.6,8.1,154,157,3030,2510,2.9,39.9,5.1,47.7/4.0,7.0,...,3.7,37.5/16.1,9.45,56.9,55.6,72.1,79.3,36.8,45.6,4.1,9.6,0,0,0,0,0,0,0,0,0,0,0,0,1,0,0,0,0,0,0,0,0,0
125,Malta,SouthernEurope,315,431,1346.4,9747,6.2,23280.7,1.4,15.0,83.6,1.2,20.9,77.9,5.4,96,96,4039,7182,0.5,95.4,0.5,14.4/26.1,9.7,3.9,7.8,100.0/100.0,-99,82.0,78.6,104.7,102.2,98.1,91.7,55.2,40.3,0,1,0,0,0,0,0,0,0,0,0,0,0,0,0,0,0,0,0,0,0,0
126,Marshall Islands,Micronesia,181,53,295.2,183,0.6,3452.6,16.4,10.2,73.3,...,...,...,4.7,115,115,27,86,0.2,72.7,0.6,39.0/5.5,17.1,0.5,...,84.5/56.2,24.11,72.5,71.3,93.3,93.5,80.4,73.1,41.2,44.6,0,0,0,0,0,0,0,0,0,0,0,0,0,0,0,0,0,0,0,1,0,0
127,Martinique,Caribbean,1128,385,363.1,-99,-99,-99.0,-99,-99.0,-99.0,3.9,11.8,69,22.8,78,78,-99,-99,-0.5,88.9,0.2,17.7/25.7,-99.0,-99,-99,94.0/72.7,-99,84.4,77.8,-99,,-99,,-99,,0,0,0,0,0,1,0,0,0,0,0,0,0,0,0,0,0,0,0,0,0,0
128,Mauritania,WesternAfrica,1030700,4420,4.3,5023,1.2,1235.0,20.9,41.7,37.4,40.3,9.5,50.2,12,125,125,1623,2174,2.9,59.9,3.5,39.9/5.0,3.8,...,2.9,57.5/13.8,5.02,64.1,61.2,105.0,100.0,29.5,31.7,3.6,7.1,0,0,0,0,0,0,0,0,0,0,0,0,1,0,0,0,0,0,0,0,0,0
129,Mauritius,EasternAfrica,1969,1265,623.2,11511,3.5,9040.9,2.9,22.7,74.4,7.3,25.2,67.5,7.6,96,96,2194,4655,0.2,39.7,-0.1,18.4/16.6,4.8,...,4.9,93.9/92.6,0.67,77.7,70.7,103.9,102.2,97.9,93.6,41.7,31.7,0,0,0,0,0,0,0,0,0,0,0,0,0,0,0,0,1,0,0,0,0,0
130,Mayotte,EasternAfrica,-99,253,674.8,-99,-99,-99.0,-99,-99.0,-99.0,-99,-99,-99,-99,-99,-99,...,...,2.8,47.0,1.9,40.6/5.8,-99.0,-99,-99,-99,-99,82.9,76.0,-99,,-99,,-99,,0,0,0,0,0,0,0,0,0,0,0,0,0,0,0,0,1,0,0,0,0,0
131,Mexico,CentralAmerica,1964375,129163,66.4,1140724,2.5,8980.9,3.6,36.0,60.4,13.4,25.2,61.3,4.1,120,120,373883,387064,1.4,79.2,1.6,26.7/10.1,6.3,2.1,5.3,88.0/74.5,0.03,78.9,74.0,103.2,103.6,93.5,87.7,30.0,29.9,0,0,0,0,0,0,0,0,0,0,0,1,0,0,0,0,0,0,0,0,0,0
132,Micronesia (Federated States of),Micronesia,702,106,150.8,315,3.7,3015.2,27.8,6.5,65.8,-99,-99,-99,-99,99,99,6,40,0.2,22.4,0.3,33.1/8.0,13.7,...,12.5,85.1/49.0,34.11,69.8,67.7,95.7,95.4,...,...,-99,,0,0,0,0,0,0,0,0,0,0,0,0,0,0,0,0,0,0,0,1,0,0
133,Monaco,WesternEurope,2,39,25969.8,6258,5.4,165870.6,-99,13.4,86.6,-99,-99,-99,...,-99,-99,-99,-99,0.6,100.0,0.8,.../...,4.3,6.6,1,100.0/...,-99,-99,,-99,,-99,,-99,,0,0,0,0,0,0,0,0,0,1,0,0,0,0,0,0,0,0,0,0,0,0
134,Mongolia,EasternAsia,1564116,3076,2.0,11758,2.3,3973.4,14.8,34.1,51.1,28.4,20.7,51,6.3,147,149,4917,3358,1.9,72.0,2.8,29.7/6.6,4.7,2.9,4.6,66.4/42.6,2.21,72.7,64.5,100.0,101.8,92.4,90.5,79.7,57.7,0,0,0,0,0,0,0,0,0,0,0,0,0,0,0,0,0,0,1,0,0,0
135,Montenegro,SouthernEurope,13812,629,46.8,4020,4.5,6424.1,9.8,17.5,72.6,7.5,17.3,75.2,17.4,66,66,354,2263,0.1,64.0,0.3,18.1/21.3,6.4,2.3,-99,98.0/92.2,2.44,78.8,74.0,93.3,95.2,90.3,90.4,...,...,0,1,0,0,0,0,0,0,0,0,0,0,0,0,0,0,0,0,0,0,0,0
136,Montserrat,Caribbean,103,5,51.8,59,0.4,11553.4,1.4,12.7,85.9,-99,-99,-99,5.6,103,103,4,36,0.7,9.0,0.7,19.7/19.6,-99.0,-99,...,.../...,-99,-99,,...,...,...,...,-99,,0,0,0,0,0,1,0,0,0,0,0,0,0,0,0,0,0,0,0,0,0,0
137,Morocco,NorthernAfrica,446550,35740,80.1,100359,4.4,2919.3,13.7,28.9,57.4,32.6,20.7,46.8,10.4,130,130,22858,41696,1.4,60.2,2.3,27.4/10.7,5.9,0.6,...,84.1/65.5,1.51,76.0,73.7,111.6,117.7,63.5,74.4,27.5,28.7,0,0,1,0,0,0,0,0,0,0,0,0,0,0,0,0,0,0,0,0,0,0
138,Mozambique,EasternAfrica,799380,29669,37.7,14806,6.6,529.2,24.6,21.0,54.4,75,4.1,21,24.1,137,137,3352,5295,2.9,32.2,3.3,44.8/4.8,7.0,0.1,6.5,42.4/10.1,12.54,58.1,54.0,101.2,110.4,31.1,33.8,5.4,7.4,0,0,0,0,0,0,0,0,0,0,0,0,0,0,0,0,1,0,0,0,0,0
139,Myanmar,South-easternAsia,676577,53371,81.7,62601,7.3,1161.5,26.7,34.5,38.7,23.6,14.6,61.7,0.8,130,128,11673,15696,0.9,34.1,2.5,26.8/9.4,2.3,0.6,-99,84.3/77.1,2.23,68.3,63.7,98.3,101.0,52.0,50.6,14.9,12.1,0,0,0,0,0,0,0,0,0,0,0,0,0,0,0,1,0,0,0,0,0,0
140,Namibia,SouthernAfrica,824116,2534,3.1,11491,5.3,4673.6,6.6,30.6,62.8,29.1,14.6,56.3,24.9,88,89,4816,6721,2.2,46.7,4.2,36.7/5.5,-99.0,...,...,54.5/16.8,1.24,64.3,59.1,109.5,113.3,...,...,...,...,0,0,0,0,0,0,0,0,0,0,0,0,0,0,1,0,0,0,0,0,0,0
141,Nauru,Micronesia,21,11,568.0,189,18.7,18469.2,3,59.9,37.1,-99,-99,-99,23,112,112,-99,-99,2.3,100.0,0.2,39.5/4.0,3.3,...,-99,65.6/...,-99,64.8,57.8,100.4,109.5,83.4,81.9,-99,,0,0,0,0,0,0,0,0,0,0,0,0,0,0,0,0,0,0,0,1,0,0
142,Nepal,SouthernAsia,147181,29305,204.4,20658,2.7,724.5,31.8,14.9,53.3,72.6,10.9,16.5,3,139,139,703,5249,1.2,18.6,3.2,30.9/8.8,5.8,...,3.7,56.0/43.5,5.73,70.4,67.4,141.2,130.7,72.2,67.1,15.1,14.8,1,0,0,0,0,0,0,0,0,0,0,0,0,0,0,0,0,0,0,0,0,0
143,Netherlands,WesternEurope,41542,17036,505.2,750318,2,44332.1,1.8,20.0,78.2,2.2,15.9,81.9,5.6,115,115,511714,420969,0.3,90.5,1,16.4/25.0,10.9,3.4,5.5,97.5/99.9,-99,83.1,79.4,104.4,105.0,136.3,134.7,82.5,74.7,0,0,0,0,0,0,0,0,0,1,0,0,0,0,0,0,0,0,0,0,0,0
144,New Caledonia,Melanesia,18575,276,15.1,8937,3.2,33965.7,1.4,26.0,72.6,3,26.9,70.1,15.1,102,103,1344,2422,1.4,70.2,2.2,22.5/14.2,-99.0,-99,-99,100.0/100.0,-99,79.3,73.7,-99,,-99,,-99,,0,0,0,0,0,0,0,0,0,0,0,0,0,0,0,0,0,0,0,0,0,1
145,New Zealand,Oceania,268107,4706,17.9,173417,3.1,38294.3,6.5,23.0,70.6,5.9,21.4,72.6,5.5,116,118,33833,36423,1.1,86.3,1,19.8/20.8,11.0,2.9,6.4,-99,-99,83.1,79.5,99.1,99.6,119.9,113.4,96.7,71.6,0,0,0,0,0,0,0,0,1,0,0,0,0,0,0,0,0,0,0,0,0,0
146,Nicaragua,CentralAmerica,130373,6218,51.7,12693,4.9,2086.9,18.8,26.8,54.4,24.1,14.5,61.4,6.1,130,130,2225,5927,1.2,58.8,2,29.0/8.4,9.0,0.9,...,76.5/55.7,3.68,77.5,71.4,...,...,...,...,...,...,0,0,0,0,0,0,0,0,0,0,0,1,0,0,0,0,0,0,0,0,0,0
147,Niger,WesternAfrica,1267000,21477,17.0,7143,3.6,359.0,39.6,19.1,41.3,62.3,14.4,23.3,2.7,148,148,927,1861,3.8,18.7,5.1,50.2/4.2,6.0,...,6.7,37.9/4.6,12.26,59.5,57.6,66.8,77.9,17.2,24.2,0.9,2.6,0,0,0,0,0,0,0,0,0,0,0,0,1,0,0,0,0,0,0,0,0,0
148,Nigeria,WesternAfrica,923768,190886,209.6,494583,2.7,2714.5,20.9,20.4,58.8,27.9,14.7,57.4,5.4,116,117,104084,36533,2.7,47.8,4.7,44.0/4.5,3.7,...,-99,32.8/25.4,0.52,52.6,51.2,92.8,94.5,53.5,57.8,8.3,11.8,0,0,0,0,0,0,0,0,0,0,0,0,1,0,0,0,0,0,0,0,0,0
149,Niue,Polynesia,260,2,6.2,-99,-99,-99.0,-99,-99.0,-99.0,...,...,...,...,101,101,-99,-99,-0.1,42.5,-0.9,22.8/20.1,7.4,...,-99,100.0/100.0,-99,76.3,70.1,120.2,147.2,114.1,104.1,-99,,0,0,0,1,0,0,0,0,0,0,0,0,0,0,0,0,0,0,0,0,0,0
150,Northern Mariana Islands,Micronesia,457,55,119.9,-99,-99,-99.0,-99,-99.0,-99.0,...,...,...,...,-99,-99,1735,4553,0.1,89.2,0.4,23.5/10.0,-99.0,-99,-99,79.7/79.7,-99,77.9,74.9,-99,,-99,,-99,,0,0,0,0,0,0,0,0,0,0,0,0,0,0,0,0,0,0,0,1,0,0
151,Norway,NorthernEurope,386194,5305,14.5,386578,1.6,74185.5,1.8,34.6,63.5,2.2,20.2,77.6,5.1,103,104,89120,72473,1.2,80.5,1.3,17.8/22.3,9.7,4.4,7.4,98.0/98.3,-99,83.6,79.5,100.3,100.5,111.1,114.7,91.5,62.8,0,0,0,0,0,0,0,0,0,0,0,0,0,0,0,0,0,1,0,0,0,0
152,Oman,WesternAsia,309500,4636,15.0,69832,5.7,15550.8,1.5,51.1,47.3,5,39.6,55.4,17.8,134,134,24455,23260,6.5,77.6,8.5,21.8/4.0,3.6,1.5,5,97.3/94.7,...,78.7,74.5,111.2,107.4,107.9,101.0,-99,,0,0,0,0,0,0,0,1,0,0,0,0,0,0,0,0,0,0,0,0,0,0
153,Pakistan,SouthernAsia,796095,197016,255.6,266458,5.5,1410.4,25.5,19.0,55.5,42.1,19.8,38.1,5.9,135,138,20534,46998,2.1,38.8,2.8,34.8/6.7,2.6,0.8,2.6,83.1/51.1,1.32,66.8,65.0,85.2,99.7,39.2,49.5,9.2,10.6,1,0,0,0,0,0,0,0,0,0,0,0,0,0,0,0,0,0,0,0,0,0
154,Palau,Micronesia,459,22,47.2,258,5.7,12122.5,3.8,8.0,88.2,...,...,...,...,-99,-99,7,154,0.8,87.1,1.7,20.3/13.1,9.0,...,...,100.0/100.0,5.05,77.8,68.1,99.0,100.3,95.2,96.2,76.1,49.1,0,0,0,0,0,0,0,0,0,0,0,0,0,0,0,0,0,0,0,1,0,0
155,Panama,CentralAmerica,75320,4099,55.1,52132,5.8,13268.1,2.8,27.1,70.0,14.5,19.6,65.9,6.2,117,118,636,11697,1.7,66.6,2.1,27.4/11.4,8.0,1.6,3.2,83.5/58.0,0.02,80.5,74.3,100.9,103.5,78.3,72.9,46.5,31.2,0,0,0,0,0,0,0,0,0,0,0,1,0,0,0,0,0,0,0,0,0,0
156,Papua New Guinea,Melanesia,462840,8251,18.2,21315,6.6,2797.6,20.1,28.2,51.8,68.3,5.7,26,2.5,84,83,8760,8874,2.2,13.0,2.1,35.9/6.1,4.3,...,-99,56.4/13.3,3.51,67.4,62.6,109.3,119.8,34.6,45.8,-99,,0,0,0,0,0,0,0,0,0,0,0,0,0,0,0,0,0,0,0,0,0,1
157,Paraguay,SouthAmerica,406752,6811,17.1,27714,3.1,4174.4,19,29.5,51.6,19.6,19.5,61,5.5,160,166,8494,9753,1.3,59.7,2.1,29.4/9.4,9.8,1.3,5,95.5/78.4,0.22,74.9,70.7,104.3,107.6,79.1,74.2,...,...,0,0,0,0,0,0,1,0,0,0,0,0,0,0,0,0,0,0,0,0,0,0
158,Peru,SouthAmerica,1285216,32166,25.1,190428,3.3,6069.1,7.6,33.3,59.2,24.4,17.3,58.3,5.3,145,148,36040,36185,1.3,78.6,1.7,27.4/10.4,5.5,1.1,4,82.5/53.2,0.18,76.8,71.5,101.7,101.7,95.8,95.7,...,...,0,0,0,0,0,0,1,0,0,0,0,0,0,0,0,0,0,0,0,0,0,0
159,Philippines,South-easternAsia,300000,104918,351.9,292449,5.9,2904.2,10.5,31.3,58.2,27.7,16.3,56.1,5.9,122,120,56313,85909,1.6,44.4,1.3,31.7/7.6,4.7,...,...,77.9/70.8,0.15,72.1,65.4,116.9,116.8,92.7,84.4,40.3,31.4,0,0,0,0,0,0,0,0,0,0,0,0,0,0,0,1,0,0,0,0,0,0
160,Poland,EasternEurope,312679,38171,124.6,477066,3.9,12355.5,2.6,34.1,63.3,10.9,29.6,59.5,5.3,113,113,196455,188518,-~0.0,60.5,-0.1,14.8/24.0,6.4,2.3,4.9,97.5/96.7,-99,81.0,72.9,100.7,100.5,106.1,110.0,82.6,54.2,0,0,0,0,0,0,0,0,0,0,1,0,0,0,0,0,0,0,0,0,0,0
161,Portugal,SouthernEurope,92226,10330,112.8,199122,1.6,19239.2,2.3,22.3,75.4,8,23.8,68.2,10.5,104,104,55658,67580,-0.4,63.5,1,13.6/27.9,9.5,4.4,5.1,99.6/99.8,-99,83.5,77.3,105.3,109.4,117.3,121.0,65.7,58.0,0,1,0,0,0,0,0,0,0,0,0,0,0,0,0,0,0,0,0,0,0,0
162,Puerto Rico,Caribbean,8868,3663,413.0,102906,-~0.0,27939.0,0.8,50.0,49.1,2,17.5,80.5,12.8,110,111,-99,-99,-0.2,93.6,-0.2,17.9/20.4,-99.0,-99,6.4,99.3/99.3,-99,83.2,75.2,90.4,89.1,83.9,78.8,98.8,70.1,0,0,0,0,0,1,0,0,0,0,0,0,0,0,0,0,0,0,0,0,0,0
163,Qatar,WesternAsia,11607,2639,227.3,164641,3.6,73653.4,0.2,56.4,43.5,1.2,54.1,44.7,0.3,154,154,57254,32058,6.6,99.2,6,13.9/2.8,2.2,2,3.6,98.0/98.0,-99,79.4,76.8,103.6,102.4,103.6,82.0,43.9,6.3,0,0,0,0,0,0,0,1,0,0,0,0,0,0,0,0,0,0,0,0,0,0
164,Republic of Korea,EasternAsia,100284,50982,524.3,1377873,2.6,27396.7,2.3,38.0,59.7,5,24.7,70.3,3.6,104,104,495418,406182,0.4,82.5,0.7,13.5/20.1,7.4,2.2,5.1,100.0/100.0,-99,84.4,77.9,98.7,99.3,98.4,99.3,80.2,104.8,0,0,0,0,0,0,0,0,0,0,0,0,0,0,0,0,0,0,1,0,0,0
165,Republic of Moldova,EasternEurope,33846,4051,123.3,6475,-0.7,1591.4,13.4,20.8,65.8,28.8,30.9,40.3,5,109,109,2045,4020,-0.1,45.0,-0.7,15.7/17.6,10.3,2.5,7.5,87.8/67.1,4.49,75.2,66.7,91.9,92.9,86.5,85.8,47.4,35.3,0,0,0,0,0,0,0,0,0,0,1,0,0,0,0,0,0,0,0,0,0,0
166,Romania,EasternEurope,238391,19679,85.5,177956,3.7,9120.7,4.8,34.9,60.3,25.5,27.7,46.8,7.1,100,100,63581,74605,-0.6,54.6,~0.0,15.3/24.9,5.6,2.7,3.1,92.2/63.3,-99,78.4,71.4,89.0,90.5,92.0,92.5,59.0,47.8,0,0,0,0,0,0,0,0,0,0,1,0,0,0,0,0,0,0,0,0,0,0
167,Russian Federation,EasternEurope,17098246,143990,8.8,1326016,-3.7,9243.3,4.7,31.8,63.5,6.8,27.1,66.1,5.8,120,120,285491,182257,0.1,74.0,-0.1,17.6/21.1,7.1,3.3,3.9,77.0/58.7,-99,75.9,64.7,100.9,100.1,103.4,105.5,88.3,72.9,0,0,0,0,0,0,0,0,0,0,1,0,0,0,0,0,0,0,0,0,0,0
168,Rwanda,EasternAfrica,26338,12208,494.9,8096,6.9,697.3,34.6,15.1,50.3,75,7.2,17.8,2.4,139,139,622,1778,2.5,28.8,6.4,40.1/4.9,7.5,...,3.6,58.5/62.9,13.67,67.1,63.1,133.4,131.7,38.2,35.2,6.9,9.1,0,0,0,0,0,0,0,0,0,0,0,0,0,0,0,0,1,0,0,0,0,0
169,Saint Helena,WesternAfrica,308,4,10.4,-99,-99,-99.0,-99,-99.0,-99.0,...,...,...,...,-99,-99,~0,48,-0.7,39.4,-0.6,-99,-99.0,-99,-99,-99,-99,-99,,-99,,-99,,-99,,0,0,0,0,0,0,0,0,0,0,0,0,1,0,0,0,0,0,0,0,0,0
170,Saint Kitts and Nevis,Caribbean,261,55,212.9,876,3.8,15771.9,1.2,28.1,70.7,...,...,...,...,39,39,51,332,1.1,32.0,1.3,.../...,5.1,...,2.8,.../...,3.93,-99,,83.4,81.7,92.8,88.0,107.2,52.6,0,0,0,0,0,1,0,0,0,0,0,0,0,0,0,0,0,0,0,0,0,0
171,Saint Lucia,Caribbean,539,179,293.2,1450,1.9,7839.4,2.7,12.9,84.4,14.8,17.6,67.6,19,69,69,120,654,0.5,18.5,0.9,18.9/13.7,6.7,...,4.9,84.7/91.9,0.97,77.6,72.2,...,...,84.8,85.5,22.0,11.6,0,0,0,0,0,1,0,0,0,0,0,0,0,0,0,0,0,0,0,0,0,0
172,Saint Pierre and Miquelon,NorthernAmerica,242,6,27.5,-99,-99,-99.0,-99,-99.0,-99.0,-99,-99,-99,-99,112,112,653,2629,~0.0,90.4,0.1,.../...,-99.0,-99,-99,-99,-99,-99,,-99,,-99,,-99,,0,0,0,0,0,0,0,0,0,0,0,0,0,1,0,0,0,0,0,0,0,0
173,Saint Vincent and the Grenadines,Caribbean,389,110,281.8,738,1.6,6739.2,7.5,17.2,75.3,22.1,16.1,61.8,19.1,115,115,47,335,~0.0,50.6,0.7,23.8/11.7,8.6,...,...,.../...,1.8,74.9,70.7,103.2,105.8,105.0,107.9,-99,,0,0,0,0,0,1,0,0,0,0,0,0,0,0,0,0,0,0,0,0,0,0
174,Samoa,Polynesia,2842,196,69.4,774,2.8,4006.0,9.3,24.2,66.6,5.3,14.8,79.8,6.5,107,107,56,350,0.8,19.1,-0.2,36.6/8.5,7.2,...,...,93.3/91.1,12.75,77.4,71.1,106.7,106.7,89.5,80.7,...,...,0,0,0,1,0,0,0,0,0,0,0,0,0,0,0,0,0,0,0,0,0,0
175,San Marino,SouthernEurope,61,33,556.7,1565,1,49240.2,0.1,33.3,66.6,...,...,...,6.6,-99,-99,-99,-99,1.2,94.2,0.6,15.0/24.1,6.1,6.4,2.4,-99,-99,86.4,81.7,92.6,93.9,95.9,93.5,69.9,50.5,0,1,0,0,0,0,0,0,0,0,0,0,0,0,0,0,0,0,0,0,0,0
176,Sao Tome and Principe,MiddleAfrica,964,204,212.8,334,4,1752.8,12.3,14.7,73.0,22.2,13.5,64.3,13.6,119,119,10,139,2.2,65.1,3.6,42.8/4.3,8.1,...,3.8,40.8/23.3,12.39,68.2,64.0,112.2,117.7,91.7,80.8,13.6,13.2,0,0,0,0,1,0,0,0,0,0,0,0,0,0,0,0,0,0,0,0,0,0
177,Saudi Arabia,WesternAsia,2206714,32938,15.3,653219,3.4,20710.6,2.3,46.0,51.8,5.9,22.7,71.4,5.5,96,96,182329,135904,2.8,83.1,2.1,25.2/5.6,4.7,2.6,...,100.0/100.0,...,75.6,72.7,111.1,107.9,93.7,122.6,61.8,64.4,0,0,0,0,0,0,0,1,0,0,0,0,0,0,0,0,0,0,0,0,0,0
178,Senegal,WesternAfrica,196712,15851,82.3,13633,6.5,901.1,15.5,24.1,60.4,51.4,20.7,27.9,9.3,126,127,2640,5478,3,43.7,3.6,42.9/4.7,4.7,...,7.4,65.4/33.8,6.49,67.5,63.8,86.9,77.6,49.1,50.2,7.8,12.9,0,0,0,0,0,0,0,0,0,0,0,0,1,0,0,0,0,0,0,0,0,0
179,Serbia,SouthernEurope,88499,8791,100.5,37160,0.8,5238.6,8.2,31.4,60.5,19.4,24.5,56.1,15.5,102,102,14852,19231,-0.4,55.6,-0.3,16.5/24.5,10.4,2.5,4.2,98.2/94.2,0.9,77.5,71.8,101.2,101.5,97.4,96.0,66.9,50.2,0,1,0,0,0,0,0,0,0,0,0,0,0,0,0,0,0,0,0,0,0,0
180,Seychelles,EasternAfrica,457,95,206.0,1363,6.8,14133.2,2.7,13.6,83.8,3.6,17.9,78.2,4.1,105,109,335,833,0.5,53.9,1.1,22.2/13.3,3.4,1,3.6,98.4/98.4,0.5,77.9,68.7,103.6,101.1,84.5,78.8,19.6,9.3,0,0,0,0,0,0,0,0,0,0,0,0,0,0,0,0,1,0,0,0,0,0
181,Sierra Leone,WesternAfrica,72300,7557,104.7,4483,-20.3,694.8,51.4,17.6,31.1,68,6.5,25.5,3.1,168,168,466,958,2.3,39.9,2.7,42.1/4.2,11.1,...,2.7,22.8/6.9,21.56,50.7,49.6,128.2,127.0,40.1,46.5,...,...,0,0,0,0,0,0,0,0,0,0,0,0,1,0,0,0,0,0,0,0,0,0
182,Singapore,South-easternAsia,719,5709,8155.5,292734,2,52239.0,~0.0,26.4,73.6,0.3,17,82.6,2,112,112,329871,283009,1.7,100.0,2,15.0/19.5,4.9,1.9,2.9,100.0/...,-99,84.5,80.1,-99,,-99,,-99,,0,0,0,0,0,0,0,0,0,0,0,0,0,0,0,1,0,0,0,0,0,0
183,Sint Maarten (Dutch part),Caribbean,34,40,1180.0,1094,0.5,28241.7,0.1,12.3,87.6,-99,-99,-99,-99,-99,-99,-99,-99,3.1,100.0,2,21.0/10.4,-99.0,-99,-99,-99,-99,77.1,69.2,-99,,-99,,-99,,0,0,0,0,0,1,0,0,0,0,0,0,0,0,0,0,0,0,0,0,0,0
184,Slovakia,EasternEurope,49035,5448,113.3,87268,3.8,16082.5,3.7,34.8,61.5,3.3,34.5,62.2,9.9,97,97,77565,75156,0.1,53.6,-0.3,15.4/21.8,8.1,3.4,4.2,99.4/98.2,-99,79.8,72.6,99.2,100.2,92.8,92.1,64.6,41.8,0,0,0,0,0,0,0,0,0,0,1,0,0,0,0,0,0,0,0,0,0,0
185,Slovenia,SouthernEurope,20273,2080,103.3,42777,2.3,20689.8,2.4,32.7,64.9,8.9,29.6,61.5,8.1,89,89,27585,26646,0.3,49.7,0.1,15.0/26.3,9.2,2.8,5.5,99.1/99.1,-99,83.2,77.2,99.4,99.2,110.5,110.8,98.5,68.2,0,1,0,0,0,0,0,0,0,0,0,0,0,0,0,0,0,0,0,0,0,0
186,Solomon Islands,Melanesia,28896,611,21.8,1075,3.2,1841.6,28.2,15.6,56.3,48.1,2.4,49.5,31.4,118,118,437,454,2.1,22.3,4.2,38.8/5.4,5.1,0.2,...,81.4/15.0,16.47,71.1,68.3,113.6,115.0,47.0,49.8,-99,,0,0,0,0,0,0,0,0,0,0,0,0,0,0,0,0,0,0,0,0,0,1
187,Somalia,EasternAfrica,637657,14742,23.5,1559,2.7,144.5,60.2,7.4,32.5,72,4.8,23.2,6.6,112,112,925,530,2.9,39.6,4.1,46.4/4.4,-99.0,~0.0,-99,52.0/6.3,22.85,56.5,53.3,...,...,...,...,-99,,0,0,0,0,0,0,0,0,0,0,0,0,0,0,0,0,1,0,0,0,0,0
188,South Africa,SouthernAfrica,1221037,56717,46.8,314571,1.3,5773.0,2.4,28.9,68.7,6.1,26.2,67.7,26,125,126,74111,74744,1.4,64.8,1.6,29.0/8.4,8.8,0.8,6,69.6/60.5,0.47,63.0,56.1,97.3,102.2,111.5,88.0,23.3,15.7,0,0,0,0,0,0,0,0,0,0,0,0,0,0,1,0,0,0,0,0,0,0
189,South Sudan,EasternAfrica,658841,12576,20.6,13167,2,1067.0,4.6,58.0,37.4,-99,-99,-99,...,-99,-99,2389,750,3.3,18.8,5.1,41.7/5.1,2.7,-99,1.8,16.4/4.5,21.07,56.0,54.1,53.1,74.9,6.6,12.3,-99,,0,0,0,0,0,0,0,0,0,0,0,0,0,0,0,0,1,0,0,0,0,0
190,Spain,SouthernEurope,505944,46354,92.9,1192955,3.2,25865.4,2.6,23.6,73.7,3.9,19.2,76.8,18.3,102,102,281777,302539,-0.2,79.6,0.7,14.7/25.3,9.0,3.8,4.3,99.8/100.0,-99,85.3,79.6,105.6,104.5,129.6,130.0,97.1,82.5,0,1,0,0,0,0,0,0,0,0,0,0,0,0,0,0,0,0,0,0,0,0
191,Sri Lanka,SouthernAsia,65610,20877,332.9,82316,4.8,3973.7,8.7,30.7,60.6,27.4,25.9,46.6,5.2,120,122,10546,19501,0.5,18.4,0.8,24.0/14.9,3.5,...,2.2,88.1/96.7,0.53,78.0,71.2,100.6,102.7,102.0,97.5,24.0,15.6,1,0,0,0,0,0,0,0,0,0,0,0,0,0,0,0,0,0,0,0,0,0
192,State of Palestine,WesternAsia,6020,4921,817.4,12677,3.5,2715.5,4.8,23.4,71.9,8.7,29.8,61.5,24.2,90,90,929,5058,2.7,75.3,2.8,39.6/4.6,-99.0,-99,1.3,93.0/90.2,17.52,74.8,71.1,94.3,94.4,87.0,79.2,54.4,34.5,0,0,0,0,0,0,0,1,0,0,0,0,0,0,0,0,0,0,0,0,0,0
193,Sudan,NorthernAfrica,-99,40533,23.0,79546,4.9,1977.0,32.4,20.1,47.6,32.9,20.4,46.7,13.4,-99,-99,1797,7658,2.3,33.8,2.5,40.8/5.5,8.4,3.1,...,-99,1.09,65.1,62.1,66.6,74.1,41.5,43.9,16.8,15.8,0,0,1,0,0,0,0,0,0,0,0,0,0,0,0,0,0,0,0,0,0,0
194,Suriname,SouthAmerica,163820,563,3.6,4879,-2.7,8985.3,11.4,27.4,61.1,3.4,22.3,74.3,9.9,152,152,1437,1244,1,66.0,0.8,26.4/10.4,5.7,...,-99,88.4/61.4,0.32,74.2,67.8,121.4,124.2,90.9,71.7,...,...,0,0,0,0,0,0,1,0,0,0,0,0,0,0,0,0,0,0,0,0,0,0
195,Swaziland,SouthernAfrica,17363,1367,79.5,4133,1.7,3211.7,6.6,42.1,51.3,22,17,61,25.1,114,115,1881,733,1.8,21.3,1.3,37.2/4.8,9.3,...,7,63.1/56.0,2.39,58.2,51.6,108.0,117.5,65.8,66.2,5.5,5.2,0,0,0,0,0,0,0,0,0,0,0,0,0,0,1,0,0,0,0,0,0,0
196,Sweden,NorthernEurope,438574,9911,24.2,495694,4.1,50687.5,1.3,26.3,72.4,1.8,18.2,79.9,7.3,100,100,139574,140838,0.8,85.8,0.8,17.5/25.5,11.9,4.1,7.7,99.2/99.6,-99,83.7,80.0,125.6,120.6,150.0,131.5,75.7,49.6,0,0,0,0,0,0,0,0,0,0,0,0,0,0,0,0,0,1,0,0,0,0
197,Switzerland,WesternEurope,41291,8476,214.5,670790,0.8,80831.1,0.7,25.5,73.8,3.5,20.4,76.1,4.6,106,106,304691,269157,1.2,73.9,1.1,14.9/24.1,11.7,4.1,5.1,99.9/99.8,-99,84.8,80.5,103.8,104.1,99.4,103.0,58.5,56.9,0,0,0,0,0,0,0,0,0,1,0,0,0,0,0,0,0,0,0,0,0,0
198,Syrian Arab Republic,WesternAsia,185180,18270,99.5,28393,-5.3,1534.5,20.7,30.0,49.3,18.5,39.2,42.3,13.8,65,68,1265,2383,-2.3,57.7,1.4,36.6/6.8,3.3,1.5,...,96.2/95.1,...,76.3,64.4,78.7,81.4,50.5,50.5,47.0,41.3,0,0,0,0,0,0,0,1,0,0,0,0,0,0,0,0,0,0,0,0,0,0
199,Tajikistan,CentralAsia,142600,8921,63.7,7853,4.2,925.9,25,28.0,47.1,57.2,13.4,29.4,10.8,155,172,899,3030,2.2,26.8,2.6,35.3/5.8,6.9,1.7,5.2,93.8/95.5,4.55,73.5,67.7,101.2,99.8,83.1,92.5,24.0,33.6,0,0,0,0,0,0,0,0,0,0,0,0,0,0,0,0,0,0,0,0,1,0
200,Thailand,South-easternAsia,513120,69038,135.1,395168,2.8,5814.8,9.1,35.7,55.1,34,22.7,43.3,0.6,129,126,213927,195666,0.4,50.4,3,17.3/16.9,4.1,...,4.1,89.9/96.1,0.02,78.4,70.8,99.2,106.1,125.3,132.6,57.3,40.5,0,0,0,0,0,0,0,0,0,0,0,0,0,0,0,1,0,0,0,0,0,0
201,The former Yugoslav Republic of Macedonia,SouthernEurope,25713,2083,82.6,10052,3.8,4836.1,12,27.9,65.1,16.2,29.2,54.5,27.3,111,112,4785,6757,0.1,57.1,0.1,16.7/19.5,6.5,2.8,...,97.2/82.6,2.18,77.2,73.2,92.8,93.6,78.2,80.3,46.8,37.5,0,1,0,0,0,0,0,0,0,0,0,0,0,0,0,0,0,0,0,0,0,0
202,Timor-Leste,South-easternAsia,14919,1296,87.2,2873,4.3,2425.4,5.2,79.9,14.9,50.8,2,47.2,4.3,111,117,94,647,2.2,32.8,3.8,43.6/5.4,1.5,0.1,7.8,69.0/26.8,8.89,69.5,66.1,136.2,137.5,79.6,74.1,...,...,0,0,0,0,0,0,0,0,0,0,0,0,0,0,0,1,0,0,0,0,0,0
203,Togo,WesternAfrica,56785,7798,143.4,4086,5.5,559.4,45.7,19.7,34.6,62.5,8.7,28.7,6.8,140,143,715,1716,2.6,40.0,3.8,41.6/4.6,5.2,...,5.2,24.7/2.9,5.51,59.8,58.3,118.5,125.1,...,...,6.4,14.9,0,0,0,0,0,0,0,0,0,0,0,0,1,0,0,0,0,0,0,0,0,0
204,Tokelau,Polynesia,12,1,130.0,-99,-99,-99.0,-99,-99.0,-99.0,-99,-99,-99,-99,112,112,~0,1,1.9,0.0,0,28.3/12.2,-99.0,-99,-99,.../90.5,-99,-99,,114.3,121.0,120.7,129.1,-99,,0,0,0,1,0,0,0,0,0,0,0,0,0,0,0,0,0,0,0,0,0,0
205,Tonga,Polynesia,747,108,150.0,402,3.8,3784.5,22.4,21.5,56.1,33.3,28.2,38.5,4.8,134,134,14,209,0.4,23.7,0.7,35.8/8.5,5.2,...,...,97.6/89.0,18.3,75.6,69.6,107.5,108.6,94.2,86.4,...,...,0,0,0,1,0,0,0,0,0,0,0,0,0,0,0,0,0,0,0,0,0,0
206,Trinidad and Tobago,Caribbean,5127,1369,266.9,25927,0.2,19062.9,0.5,42.5,57.0,4.1,31.6,64.3,4.2,95,95,4576,4826,0.5,8.4,-1.2,20.7/15.0,5.9,...,...,91.5/91.5,...,73.8,66.9,...,...,...,...,...,...,0,0,0,0,0,1,0,0,0,0,0,0,0,0,0,0,0,0,0,0,0,0
207,Tunisia,NorthernAfrica,163610,11532,74.2,41199,0.8,3660.9,10.3,27.8,62.0,11.7,29.4,58.9,14.6,108,108,13483,19456,1.2,66.8,1.4,24.0/12.3,7.0,1.6,6.3,97.4/79.8,1.14,77.1,73.0,112.5,115.8,94.2,90.0,43.3,26.2,0,0,1,0,0,0,0,0,0,0,0,0,0,0,0,0,0,0,0,0,0,0
208,Turkey,WesternAsia,783562,80745,104.9,717888,4,9125.8,8.6,26.4,65.0,19.6,27.5,52.9,10.8,120,122,142606,198602,1.6,73.4,2,25.0/12.0,5.4,1.7,4.8,98.3/85.5,0.3,78.1,71.5,102.1,102.8,101.1,103.8,88.3,101.0,0,0,0,0,0,0,0,1,0,0,0,0,0,0,0,0,0,0,0,0,0,0
209,Turkmenistan,CentralAsia,488100,5758,12.3,37597,6.5,6996.7,13.4,51.0,35.6,17.9,37.4,44.7,8.6,103,109,3741,2616,1.8,50.0,1.9,30.9/7.3,2.1,2.3,3.1,.../...,0.07,70.8,63.9,88.6,90.1,83.7,86.9,6.2,9.7,0,0,0,0,0,0,0,0,0,0,0,0,0,0,0,0,0,0,0,0,1,0
210,Turks and Caicos Islands,Caribbean,948,35,37.3,863,4.1,25121.8,0.6,10.4,89.0,...,...,...,...,-99,-99,4,389,2,92.2,2.5,19.2/7.6,-99.0,-99,3.3,.../...,-99,77.8,75.8,-99,,-99,,-99,,0,0,0,0,0,1,0,0,0,0,0,0,0,0,0,0,0,0,0,0,0,0
211,Tuvalu,Polynesia,26,11,373.1,33,3.5,3362.4,26,7.6,66.4,-99,-99,-99,...,110,110,~0,12,0.9,59.7,1.9,31.1/9.9,16.5,...,-99,86.3/80.2,63.52,...,...,104.3,103.0,97.5,76.0,-99,,0,0,0,1,0,0,0,0,0,0,0,0,0,0,0,0,0,0,0,0,0,0
212,Uganda,EasternAfrica,241550,42863,214.5,25282,5.4,647.7,25.6,21.5,52.9,72,7.4,20.5,2.4,93,90,2755,3750,3.4,16.1,5.4,47.7/3.3,7.2,...,2.2,28.5/17.3,6.35,60.7,56.5,110.9,108.9,22.1,24.3,4.2,5.4,0,0,0,0,0,0,0,0,0,0,0,0,0,0,0,0,1,0,0,0,0,0
213,Ukraine,EasternEurope,603500,44223,76.3,90615,-9.9,2021.6,14,26.3,59.7,15.7,24.6,59.7,8.8,137,137,36369,39184,-0.5,69.7,-0.3,15.5/23.2,7.1,3,5.9,97.4/92.6,1.63,76.0,66.1,105.1,102.8,98.2,100.2,88.4,76.5,0,0,0,0,0,0,0,0,0,0,1,0,0,0,0,0,0,0,0,0,0,0
214,United Arab Emirates,WesternAsia,83600,9400,112.4,370296,3.8,40438.8,0.7,44.9,54.4,3.5,21.1,75.4,3.7,70,70,195613,201908,2,85.5,2.9,13.9/2.4,3.6,1.6,-99,98.0/95.2,-99,78.2,76.0,116.0,116.7,-99,,-99,,0,0,0,0,0,0,0,1,0,0,0,0,0,0,0,0,0,0,0,0,0,0
215,United Kingdom,NorthernEurope,242495,66182,273.6,2858003,2.2,44162.4,0.7,19.4,79.9,1.2,18.4,80.4,5,108,108,415856,635570,0.6,82.6,0.9,17.7/23.9,9.1,2.8,5.7,99.1/99.6,-99,82.8,79.0,108.1,108.4,130.4,125.3,64.1,49.0,0,0,0,0,0,0,0,0,0,0,0,0,0,0,0,0,0,1,0,0,0,0
216,United Republic of Tanzania,EasternAfrica,947303,57310,64.7,45628,7,877.3,31.1,26.1,42.9,66.9,6.4,26.7,2.7,176,180,4742,7876,3.1,31.6,5.4,44.9/4.7,5.6,~0.0,3.5,31.3/8.3,5.85,64.8,60.8,82.9,80.5,30.8,33.7,2.5,4.9,0,0,0,0,0,0,0,0,0,0,0,0,0,0,0,0,1,0,0,0,0,0
217,United States of America,NorthernAmerica,9833517,324460,35.5,18036648,2.6,56053.8,1,19.7,79.3,1.5,17.2,81.3,4.9,111,113,1453167,2249661,0.7,81.6,1,18.9/21.5,17.1,2.6,5.4,100.0/100.0,-99,81.2,76.5,100.0,100.3,98.5,96.7,99.6,72.8,0,0,0,0,0,0,0,0,0,0,0,0,0,1,0,0,0,0,0,0,0,0
218,United States Virgin Islands,Caribbean,347,105,299.7,-99,-99,-99.0,-99,-99.0,-99.0,10.9,24,65.2,9,109,109,-99,-99,-0.2,95.3,0.3,20.1/25.3,-99.0,-99,-99,96.4/96.4,-99,81.5,76.7,-99,,-99,,-99,,0,0,0,0,0,1,0,0,0,0,0,0,0,0,0,0,0,0,0,0,0,0
219,Uruguay,SouthAmerica,173626,3457,19.8,53442,1,15573.8,6.8,28.0,65.2,8.7,20.5,70.8,8.8,129,130,6964,8137,0.3,95.3,0.5,21.1/19.5,8.6,...,4.4,96.6/92.6,0.04,80.4,73.2,107.3,109.8,100.0,90.3,...,...,0,0,0,0,0,0,1,0,0,0,0,0,0,0,0,0,0,0,0,0,0,0
220,Uzbekistan,CentralAsia,448969,31911,75.0,69004,6.8,2308.3,19.2,32.9,47.9,29,23.9,47.1,8.9,158,174,27947,25652,1.6,36.4,1.4,28.0/7.6,5.8,2.5,-99,100.0/100.0,0.66,73.5,68.1,103.2,105.6,95.1,96.8,7.1,11.0,0,0,0,0,0,0,0,0,0,0,0,0,0,0,0,0,0,0,0,0,1,0
221,Vanuatu,Melanesia,12189,276,22.7,737,-1,2783.0,26.7,8.4,64.9,61.4,6.8,31.8,5.3,123,122,50,416,2.3,26.1,3.4,35.9/6.7,5.0,0.2,5.5,65.1/55.4,12.32,73.6,69.4,118.7,120.6,56.4,53.4,...,...,0,0,0,0,0,0,0,0,0,0,0,0,0,0,0,0,0,0,0,0,0,1
222,Venezuela (Bolivarian Republic of),SouthAmerica,912050,31977,36.3,344331,-6.2,11068.9,5.3,44.7,50.0,11.9,26.8,61.3,6.6,118,119,19731,16324,1.4,89.0,1.5,27.6/9.9,5.3,...,...,97.5/69.9,0.01,78.2,69.9,98.6,101.3,93.0,86.5,...,...,0,0,0,0,0,0,1,0,0,0,0,0,0,0,0,0,0,0,0,0,0,0
223,Viet Nam,South-easternAsia,330967,95541,308.1,193241,6.7,2067.9,18.9,37.0,44.2,41.8,22.9,35.2,2.2,136,134,176632,174111,1.1,33.6,3,23.1/11.1,7.1,1.2,5.7,94.4/69.7,1.73,80.3,70.7,108.4,109.3,-99,,28.9,28.8,0,0,0,0,0,0,0,0,0,0,0,0,0,0,0,1,0,0,0,0,0,0
224,Wallis and Futuna Islands,Polynesia,142,12,84.1,-99,-99,-99.0,-99,-99.0,-99.0,-99,-99,-99,-99,115,115,1,53,-2.1,0.0,0,25.5/15.4,-99.0,-99,-99,-99,-99,78.7,72.8,-99,,-99,,-99,,0,0,0,1,0,0,0,0,0,0,0,0,0,0,0,0,0,0,0,0,0,0
225,Western Sahara,NorthernAfrica,266000,553,2.1,-99,-99,-99.0,-99,-99.0,-99.0,37.4,27.9,34.7,6.8,100,100,-99,-99,1.8,80.9,3.3,28.1/5.4,-99.0,-99,-99,-99,-99,70.3,66.9,-99,,-99,,-99,,0,0,1,0,0,0,0,0,0,0,0,0,0,0,0,0,0,0,0,0,0,0
226,Yemen,WesternAsia,527968,28250,53.5,29688,-28.1,1106.4,14.7,36.9,48.4,32.9,17.9,49.2,16.1,136,137,570,6861,2.6,34.6,4,39.9/4.6,5.6,0.3,...,92.5/34.1,2.99,65.6,62.8,88.9,105.7,39.5,57.4,6.1,13.7,0,0,0,0,0,0,0,1,0,0,0,0,0,0,0,0,0,0,0,0,0,0
227,Zambia,EasternAfrica,752612,17094,23.0,21255,2.9,1311.1,8.2,32.3,59.5,54.8,9.9,35.3,7.4,179,180,6505,7442,3,40.9,4.3,44.8/3.7,5.0,0.2,...,55.6/35.7,3.96,61.9,57.5,104.0,103.3,-99,,3.4,4.5,0,0,0,0,0,0,0,0,0,0,0,0,0,0,0,0,1,0,0,0,0,0
228,Zimbabwe,EasternAfrica,390757,16530,42.7,13893,1.1,890.4,13,30.5,56.5,67.5,7.3,25.2,5,99,98,2832,5212,2.3,32.4,2.3,41.2/4.2,6.0,0.1,8.4,49.3/30.8,6,59.0,56.1,99.1,100.8,47.1,48.1,8.0,8.9,0,0,0,0,0,0,0,0,0,0,0,0,0,0,0,0,1,0,0,0,0,0
